year;month;m;temperature
1750;1;jan;-0.4
1750;2;feb;3.3
1750;3;mar;6.4
1750;4;apr;8
1750;5;mai;12.2
1750;6;jun;15.5
1750;7;jul;18.5
1750;8;aug;16.8
1750;9;sep;13.4
1750;10;oct;6.1
1750;11;nov;
1750;12;dec;-0.2
1751;1;jan;-1.1
1751;2;feb;-2.5
1751;3;mar;5.1
1751;4;apr;6.4
1751;5;mai;
1751;6;jun;16.2
1751;7;jul;17.5
1751;8;aug;17.5
1751;9;sep;12.5
1751;10;oct;
1751;11;nov;
1751;12;dec;
1752;1;jan;-1.1
1752;2;feb;
1752;3;mar;4.3
1752;4;apr;7.3
1752;5;mai;
1752;6;jun;
1752;7;jul;
1752;8;aug;
1752;9;sep;
1752;10;oct;8.4
1752;11;nov;4.9
1752;12;dec;1.6
1753;1;jan;-3.2
1753;2;feb;-0.4
1753;3;mar;4.9
1753;4;apr;8.1
1753;5;mai;12.4
1753;6;jun;16.8
1753;7;jul;17.7
1753;8;aug;16
1753;9;sep;13.9
1753;10;oct;9
1753;11;nov;2.3
1753;12;dec;-1.2
1754;1;jan;-1.7
1754;2;feb;-1.7
1754;3;mar;0.3
1754;4;apr;6.9
1754;5;mai;13.3
1754;6;jun;15.8
1754;7;jul;16.1
1754;8;aug;16.9
1754;9;sep;13
1754;10;oct;9.5
1754;11;nov;4.3
1754;12;dec;0.4
1755;1;jan;-6
1755;2;feb;-4.7
1755;3;mar;2.3
1755;4;apr;10.5
1755;5;mai;12.2
1755;6;jun;18
1755;7;jul;17.6
1755;8;aug;15.7
1755;9;sep;12.4
1755;10;oct;7.8
1755;11;nov;3.4
1755;12;dec;1.2
1756;1;jan;1.7
1756;2;feb;2.2
1756;3;mar;4
1756;4;apr;6.5
1756;5;mai;11.6
1756;6;jun;18
1756;7;jul;18.4
1756;8;aug;16.2
1756;9;sep;14.6
1756;10;oct;8.3
1756;11;nov;1.6
1756;12;dec;-2.1
1757;1;jan;-3
1757;2;feb;0.7
1757;3;mar;3.6
1757;4;apr;8.6
1757;5;mai;12.2
1757;6;jun;17.3
1757;7;jul;20.9
1757;8;aug;17.4
1757;9;sep;12.2
1757;10;oct;4.5
1757;11;nov;4.2
1757;12;dec;-1.3
1758;1;jan;-4.6
1758;2;feb;-0.5
1758;3;mar;3.3
1758;4;apr;6.3
1758;5;mai;13.9
1758;6;jun;16.7
1758;7;jul;15.5
1758;8;aug;17.1
1758;9;sep;11.8
1758;10;oct;6.5
1758;11;nov;3.93
1758;12;dec;0.6
1759;1;jan;1.4
1759;2;feb;2.1
1759;3;mar;4.3
1759;4;apr;7.7
1759;5;mai;11.6
1759;6;jun;16.7
1759;7;jul;19.5
1759;8;aug;17.5
1759;9;sep;13.5
1759;10;oct;9.3
1759;11;nov;0.5
1759;12;dec;-3.1
1760;1;jan;-2.8
1760;2;feb;-0.9
1760;3;mar;2.1
1760;4;apr;8.2
1760;5;mai;12.8
1760;6;jun;16.9
1760;7;jul;17.7
1760;8;aug;16.8
1760;9;sep;14.6
1760;10;oct;8.6
1760;11;nov;3.8
1760;12;dec;2.9
1761;1;jan;-1.6
1761;2;feb;1.7
1761;3;mar;5
1761;4;apr;7.1
1761;5;mai;13.3
1761;6;jun;16.6
1761;7;jul;16.2
1761;8;aug;17.7
1761;9;sep;14.2
1761;10;oct;6.1
1761;11;nov;3
1761;12;dec;-3.3
1762;1;jan;0.4
1762;2;feb;-0.6
1762;3;mar;0.1
1762;4;apr;9.6
1762;5;mai;12.9
1762;6;jun;15.7
1762;7;jul;17.3
1762;8;aug;14.9
1762;9;sep;12.6
1762;10;oct;5.9
1762;11;nov;2
1762;12;dec;-3.3
1763;1;jan;-6.7
1763;2;feb;2.1
1763;3;mar;1.5
1763;4;apr;6.5
1763;5;mai;10.6
1763;6;jun;15.5
1763;7;jul;17
1763;8;aug;17.4
1763;9;sep;11.7
1763;10;oct;6.4
1763;11;nov;3
1763;12;dec;2.1
1764;1;jan;2.1
1764;2;feb;2.6
1764;3;mar;1.6
1764;4;apr;6.5
1764;5;mai;13.8
1764;6;jun;15.8
1764;7;jul;18.3
1764;8;aug;15.2
1764;9;sep;10.9
1764;10;oct;6.5
1764;11;nov;2.3
1764;12;dec;-0.9
1765;1;jan;0.4
1765;2;feb;-3.5
1765;3;mar;4.7
1765;4;apr;7.9
1765;5;mai;10.7
1765;6;jun;15.9
1765;7;jul;15.1
1765;8;aug;16.9
1765;9;sep;12.1
1765;10;oct;9
1765;11;nov;2.7
1765;12;dec;-1.3
1766;1;jan;-4.3
1766;2;feb;-1.7
1766;3;mar;3
1766;4;apr;9.1
1766;5;mai;12.8
1766;6;jun;15.7
1766;7;jul;16.3
1766;8;aug;16.5
1766;9;sep;13.5
1766;10;oct;7.9
1766;11;nov;3.2
1766;12;dec;-1.3
1767;1;jan;-7.2
1767;2;feb;2.7
1767;3;mar;2.7
1767;4;apr;5.6
1767;5;mai;10.4
1767;6;jun;14.1
1767;7;jul;16.3
1767;8;aug;16.9
1767;9;sep;13.4
1767;10;oct;8.5
1767;11;nov;5.6
1767;12;dec;-2.3
1768;1;jan;-5
1768;2;feb;-0.3
1768;3;mar;1.1
1768;4;apr;7.1
1768;5;mai;11.9
1768;6;jun;15.4
1768;7;jul;17.1
1768;8;aug;16.4
1768;9;sep;11.6
1768;10;oct;7.7
1768;11;nov;4.1
1768;12;dec;0.3
1769;1;jan;-0.3
1769;2;feb;-0.3
1769;3;mar;2.4
1769;4;apr;7.7
1769;5;mai;11.6
1769;6;jun;14.4
1769;7;jul;16.7
1769;8;aug;15.8
1769;9;sep;13.3
1769;10;oct;4.6
1769;11;nov;3.8
1769;12;dec;0.6
1770;1;jan;-1.6
1770;2;feb;-0.5
1770;3;mar;0
1770;4;apr;4.9
1770;5;mai;11.7
1770;6;jun;14.6
1770;7;jul;16
1770;8;aug;17
1770;9;sep;14.6
1770;10;oct;8.1
1770;11;nov;3.6
1770;12;dec;1.8
1771;1;jan;-2.4
1771;2;feb;-2.5
1771;3;mar;-0.5
1771;4;apr;3.5
1771;5;mai;14.2
1771;6;jun;15
1771;7;jul;16.4
1771;8;aug;15
1771;9;sep;12.8
1771;10;oct;8.6
1771;11;nov;1.8
1771;12;dec;1.4
1772;1;jan;-1.8
1772;2;feb;0.8
1772;3;mar;3.6
1772;4;apr;6.2
1772;5;mai;10
1772;6;jun;16.8
1772;7;jul;16.5
1772;8;aug;16.4
1772;9;sep;14.2
1772;10;oct;10.6
1772;11;nov;5.5
1772;12;dec;1
1773;1;jan;1.1
1773;2;feb;-2.2
1773;3;mar;2.5
1773;4;apr;7.4
1773;5;mai;12.7
1773;6;jun;15
1773;7;jul;15.9
1773;8;aug;16.9
1773;9;sep;13.7
1773;10;oct;9.9
1773;11;nov;3.7
1773;12;dec;2.2
1774;1;jan;-1.4
1774;2;feb;0.9
1774;3;mar;5.1
1774;4;apr;8.8
1774;5;mai;12.1
1774;6;jun;16.3
1774;7;jul;16.3
1774;8;aug;16.7
1774;9;sep;11.9
1774;10;oct;8
1774;11;nov;-0.6
1774;12;dec;-2.2
1775;1;jan;-1.4
1775;2;feb;2.9
1775;3;mar;4.2
1775;4;apr;6.3
1775;5;mai;10.6
1775;6;jun;17.6
1775;7;jul;17.3
1775;8;aug;17.8
1775;9;sep;14.7
1775;10;oct;8.8
1775;11;nov;2
1775;12;dec;-0.3
1776;1;jan;-7.9
1776;2;feb;1.3
1776;3;mar;4
1776;4;apr;7.1
1776;5;mai;10.1
1776;6;jun;15.5
1776;7;jul;17.5
1776;8;aug;16.7
1776;9;sep;12.2
1776;10;oct;7.5
1776;11;nov;2.5
1776;12;dec;-1.4
1777;1;jan;-3.1
1777;2;feb;-2.6
1777;3;mar;3.3
1777;4;apr;5.1
1777;5;mai;12
1777;6;jun;14.7
1777;7;jul;15.7
1777;8;aug;16.8
1777;9;sep;12.3
1777;10;oct;8.3
1777;11;nov;4.3
1777;12;dec;-1.3
1778;1;jan;-1.6
1778;2;feb;-1.9
1778;3;mar;2.8
1778;4;apr;9
1778;5;mai;13
1778;6;jun;15.8
1778;7;jul;19
1778;8;aug;17.7
1778;9;sep;11.7
1778;10;oct;6.9
1778;11;nov;4.4
1778;12;dec;3.7
1779;1;jan;-3.9
1779;2;feb;2.8
1779;3;mar;4.8
1779;4;apr;10
1779;5;mai;13.5
1779;6;jun;14.8
1779;7;jul;16.9
1779;8;aug;17.9
1779;9;sep;14.8
1779;10;oct;10.4
1779;11;nov;4.1
1779;12;dec;2.8
1780;1;jan;-3.8
1780;2;feb;-3
1780;3;mar;5.8
1780;4;apr;5.8
1780;5;mai;12.9
1780;6;jun;15.1
1780;7;jul;16.7
1780;8;aug;17.9
1780;9;sep;13.1
1780;10;oct;9.4
1780;11;nov;3
1780;12;dec;-2
1781;1;jan;-2.3
1781;2;feb;0.7
1781;3;mar;4.1
1781;4;apr;9.1
1781;5;mai;13.2
1781;6;jun;17.6
1781;7;jul;17.6
1781;8;aug;19.1
1781;9;sep;14.8
1781;10;oct;7.7
1781;11;nov;4
1781;12;dec;0
1782;1;jan;1.3
1782;2;feb;-4.2
1782;3;mar;2
1782;4;apr;6.2
1782;5;mai;11.6
1782;6;jun;16.8
1782;7;jul;18.4
1782;8;aug;16.5
1782;9;sep;13.7
1782;10;oct;6.5
1782;11;nov;0.4
1782;12;dec;-0.9
1783;1;jan;1.7
1783;2;feb;3
1783;3;mar;1.7
1783;4;apr;8.3
1783;5;mai;13.1
1783;6;jun;16.9
1783;7;jul;19.1
1783;8;aug;17.5
1783;9;sep;14.3
1783;10;oct;9.3
1783;11;nov;3.3
1783;12;dec;-3
1784;1;jan;-6.1
1784;2;feb;-3.5
1784;3;mar;1
1784;4;apr;4.8
1784;5;mai;14.1
1784;6;jun;16.1
1784;7;jul;16.9
1784;8;aug;16.1
1784;9;sep;14.6
1784;10;oct;5.1
1784;11;nov;4
1784;12;dec;-1.5
1785;1;jan;-2.1
1785;2;feb;-3
1785;3;mar;-3.7
1785;4;apr;4.3
1785;5;mai;11.5
1785;6;jun;14.6
1785;7;jul;16.1
1785;8;aug;15.6
1785;9;sep;14.9
1785;10;oct;7.8
1785;11;nov;3.7
1785;12;dec;-0.5
1786;1;jan;-1
1786;2;feb;-0.1
1786;3;mar;0.2
1786;4;apr;8.7
1786;5;mai;11.2
1786;6;jun;16.4
1786;7;jul;14.9
1786;8;aug;15.2
1786;9;sep;11.7
1786;10;oct;5.8
1786;11;nov;-0.3
1786;12;dec;-0.2
1787;1;jan;-2.8
1787;2;feb;1.2
1787;3;mar;4.2
1787;4;apr;6
1787;5;mai;10.4
1787;6;jun;16.1
1787;7;jul;16.1
1787;8;aug;16.6
1787;9;sep;12.6
1787;10;oct;9.7
1787;11;nov;3.5
1787;12;dec;2.2
1788;1;jan;0.5
1788;2;feb;-0.1
1788;3;mar;2.2
1788;4;apr;7.6
1788;5;mai;12.9
1788;6;jun;16.8
1788;7;jul;18.7
1788;8;aug;15.5
1788;9;sep;14.4
1788;10;oct;7.8
1788;11;nov;1.2
1788;12;dec;-9.8
1789;1;jan;-4
1789;2;feb;1.7
1789;3;mar;-1.7
1789;4;apr;7.4
1789;5;mai;14.2
1789;6;jun;14.6
1789;7;jul;16.6
1789;8;aug;16.6
1789;9;sep;13.3
1789;10;oct;8
1789;11;nov;2.7
1789;12;dec;1.5
1790;1;jan;0.1
1790;2;feb;2.6
1790;3;mar;3.7
1790;4;apr;5.5
1790;5;mai;13.8
1790;6;jun;16
1790;7;jul;15.3
1790;8;aug;16.3
1790;9;sep;11.9
1790;10;oct;7.9
1790;11;nov;2.1
1790;12;dec;1.4
1791;1;jan;2.2
1791;2;feb;0.7
1791;3;mar;3.8
1791;4;apr;9.3
1791;5;mai;11.3
1791;6;jun;14.9
1791;7;jul;16.6
1791;8;aug;17.7
1791;9;sep;12.2
1791;10;oct;7.9
1791;11;nov;1.6
1791;12;dec;0.3
1792;1;jan;-0.9
1792;2;feb;-1.5
1792;3;mar;3.2
1792;4;apr;8.8
1792;5;mai;11.1
1792;6;jun;15.5
1792;7;jul;17.4
1792;8;aug;17.2
1792;9;sep;11.8
1792;10;oct;7.5
1792;11;nov;2.6
1792;12;dec;0.6
1793;1;jan;-2.7
1793;2;feb;1.8
1793;3;mar;2.4
1793;4;apr;5.5
1793;5;mai;10.9
1793;6;jun;13.8
1793;7;jul;18.4
1793;8;aug;17.1
1793;9;sep;12.1
1793;10;oct;9.7
1793;11;nov;3.5
1793;12;dec;1.8
1794;1;jan;-0.8
1794;2;feb;2.8
1794;3;mar;5.8
1794;4;apr;10.9
1794;5;mai;12.4
1794;6;jun;16.5
1794;7;jul;19.7
1794;8;aug;15.9
1794;9;sep;11.6
1794;10;oct;7.9
1794;11;nov;3.9
1794;12;dec;-2.8
1795;1;jan;-8.3
1795;2;feb;-1.1
1795;3;mar;1.8
1795;4;apr;9.5
1795;5;mai;11.2
1795;6;jun;16.5
1795;7;jul;14.9
1795;8;aug;16.8
1795;9;sep;14.4
1795;10;oct;11.5
1795;11;nov;2.5
1795;12;dec;3
1796;1;jan;4.2
1796;2;feb;1.1
1796;3;mar;0
1796;4;apr;6.9
1796;5;mai;12.9
1796;6;jun;15.2
1796;7;jul;16.6
1796;8;aug;17.4
1796;9;sep;14.9
1796;10;oct;7.9
1796;11;nov;2.6
1796;12;dec;-2.8
1797;1;jan;-0.1
1797;2;feb;0.5
1797;3;mar;1.9
1797;4;apr;8.9
1797;5;mai;14.1
1797;6;jun;14.5
1797;7;jul;18.7
1797;8;aug;17.9
1797;9;sep;14.1
1797;10;oct;8.5
1797;11;nov;3.2
1797;12;dec;1.6
1798;1;jan;-0.1
1798;2;feb;1.5
1798;3;mar;2.7
1798;4;apr;8.7
1798;5;mai;13.3
1798;6;jun;16.6
1798;7;jul;17
1798;8;aug;17.5
1798;9;sep;14.3
1798;10;oct;8.3
1798;11;nov;2.7
1798;12;dec;-4.4
1799;1;jan;-5.9
1799;2;feb;-2.5
1799;3;mar;0.8
1799;4;apr;5.3
1799;5;mai;10.3
1799;6;jun;13.8
1799;7;jul;15.7
1799;8;aug;16.4
1799;9;sep;12.5
1799;10;oct;7.7
1799;11;nov;3.3
1799;12;dec;-5.2
1800;1;jan;-1.7
1800;2;feb;-2.4
1800;3;mar;-1.2
1800;4;apr;12
1800;5;mai;14.6
1800;6;jun;12.9
1800;7;jul;15.7
1800;8;aug;17.6
1800;9;sep;13.9
1800;10;oct;7.5
1800;11;nov;4.6
1800;12;dec;-0.6
1801;1;jan;0.4
1801;2;feb;-1.1
1801;3;mar;4.5
1801;4;apr;7.6
1801;5;mai;14.1
1801;6;jun;13.9
1801;7;jul;16.1
1801;8;aug;16
1801;9;sep;14.2
1801;10;oct;9.6
1801;11;nov;3.4
1801;12;dec;0.5
1802;1;jan;-4.1
1802;2;feb;-0.6
1802;3;mar;3.2
1802;4;apr;7.9
1802;5;mai;10.9
1802;6;jun;15.6
1802;7;jul;15.5
1802;8;aug;18.5
1802;9;sep;13.3
1802;10;oct;10.6
1802;11;nov;3.8
1802;12;dec;0.9
1803;1;jan;-6.4
1803;2;feb;-4.1
1803;3;mar;1.8
1803;4;apr;9.7
1803;5;mai;9.7
1803;6;jun;14.3
1803;7;jul;18.1
1803;8;aug;17.4
1803;9;sep;10.7
1803;10;oct;7.3
1803;11;nov;3.5
1803;12;dec;0
1804;1;jan;2.2
1804;2;feb;-1.8
1804;3;mar;-0.2
1804;4;apr;6.4
1804;5;mai;13.3
1804;6;jun;15.6
1804;7;jul;16.6
1804;8;aug;15.8
1804;9;sep;14.1
1804;10;oct;8.3
1804;11;nov;0.9
1804;12;dec;-4.2
1805;1;jan;-4.6
1805;2;feb;-1.6
1805;3;mar;1.4
1805;4;apr;5.3
1805;5;mai;9.6
1805;6;jun;13.3
1805;7;jul;14.9
1805;8;aug;14.8
1805;9;sep;13.3
1805;10;oct;4.3
1805;11;nov;0
1805;12;dec;-0.2
1806;1;jan;1.9
1806;2;feb;1.4
1806;3;mar;2.6
1806;4;apr;4.5
1806;5;mai;14
1806;6;jun;14.4
1806;7;jul;15.8
1806;8;aug;15.9
1806;9;sep;13.5
1806;10;oct;7.5
1806;11;nov;4.9
1806;12;dec;4.2
1807;1;jan;-1.2
1807;2;feb;1.2
1807;3;mar;-0.4
1807;4;apr;5.8
1807;5;mai;13.2
1807;6;jun;14.5
1807;7;jul;18.4
1807;8;aug;20.7
1807;9;sep;11.4
1807;10;oct;9.2
1807;11;nov;3.8
1807;12;dec;-0.2
1808;1;jan;-1.3
1808;2;feb;-1.7
1808;3;mar;-2.1
1808;4;apr;4.9
1808;5;mai;14.3
1808;6;jun;14.8
1808;7;jul;18.5
1808;8;aug;18.1
1808;9;sep;13.2
1808;10;oct;6.2
1808;11;nov;2.2
1808;12;dec;-4.9
1809;1;jan;-3.2
1809;2;feb;2.3
1809;3;mar;1.9
1809;4;apr;3.6
1809;5;mai;13.3
1809;6;jun;14.6
1809;7;jul;16.2
1809;8;aug;16.6
1809;9;sep;12.6
1809;10;oct;6.4
1809;11;nov;1.8
1809;12;dec;1.3
1810;1;jan;-4.4
1810;2;feb;-2.6
1810;3;mar;3.4
1810;4;apr;6.4
1810;5;mai;10.9
1810;6;jun;13.5
1810;7;jul;16.2
1810;8;aug;16.1
1810;9;sep;14.9
1810;10;oct;7.5
1810;11;nov;3.4
1810;12;dec;1.4
1811;1;jan;-5.6
1811;2;feb;0
1811;3;mar;4.8
1811;4;apr;6.9
1811;5;mai;15.7
1811;6;jun;18.3
1811;7;jul;18.4
1811;8;aug;16.6
1811;9;sep;12.9
1811;10;oct;11.5
1811;11;nov;4.5
1811;12;dec;0.4
1812;1;jan;-3.6
1812;2;feb;0.7
1812;3;mar;1.8
1812;4;apr;5.2
1812;5;mai;12.4
1812;6;jun;14.9
1812;7;jul;15
1812;8;aug;15.5
1812;9;sep;11.8
1812;10;oct;9.3
1812;11;nov;1
1812;12;dec;-5.6
1813;1;jan;-3.9
1813;2;feb;2.1
1813;3;mar;2.2
1813;4;apr;8.3
1813;5;mai;12.5
1813;6;jun;14
1813;7;jul;15.4
1813;8;aug;14.7
1813;9;sep;11.7
1813;10;oct;7.3
1813;11;nov;2.5
1813;12;dec;-0.5
1814;1;jan;-4.2
1814;2;feb;-5.9
1814;3;mar;0
1814;4;apr;9.1
1814;5;mai;9.5
1814;6;jun;13.3
1814;7;jul;17.5
1814;8;aug;15.6
1814;9;sep;10.9
1814;10;oct;6.5
1814;11;nov;3.5
1814;12;dec;1.6
1815;1;jan;-4.9
1815;2;feb;2
1815;3;mar;5
1815;4;apr;7.7
1815;5;mai;12.9
1815;6;jun;15.3
1815;7;jul;14.6
1815;8;aug;15.1
1815;9;sep;12
1815;10;oct;8.4
1815;11;nov;1.5
1815;12;dec;-2.6
1816;1;jan;-0.7
1816;2;feb;-2.2
1816;3;mar;1.8
1816;4;apr;7
1816;5;mai;10.2
1816;6;jun;13.3
1816;7;jul;14.7
1816;8;aug;14.1
1816;9;sep;11.7
1816;10;oct;7.3
1816;11;nov;0.9
1816;12;dec;-1.2
1817;1;jan;1.5
1817;2;feb;3.1
1817;3;mar;2.6
1817;4;apr;3.3
1817;5;mai;11.3
1817;6;jun;16.8
1817;7;jul;15.7
1817;8;aug;15.7
1817;9;sep;14.4
1817;10;oct;5
1817;11;nov;4.9
1817;12;dec;-0.8
1818;1;jan;0.7
1818;2;feb;0.2
1818;3;mar;3.4
1818;4;apr;8.1
1818;5;mai;10.9
1818;6;jun;16.4
1818;7;jul;17.5
1818;8;aug;15.6
1818;9;sep;12.9
1818;10;oct;7.8
1818;11;nov;4.2
1818;12;dec;-1.9
1819;1;jan;0.3
1819;2;feb;1.5
1819;3;mar;3.9
1819;4;apr;8.7
1819;5;mai;12.8
1819;6;jun;16.5
1819;7;jul;17.8
1819;8;aug;17.3
1819;9;sep;13.8
1819;10;oct;7.6
1819;11;nov;2.3
1819;12;dec;-2.2
1820;1;jan;-5.2
1820;2;feb;-0.4
1820;3;mar;1.2
1820;4;apr;9.2
1820;5;mai;13.3
1820;6;jun;13.5
1820;7;jul;15.3
1820;8;aug;18.1
1820;9;sep;11.8
1820;10;oct;7.8
1820;11;nov;1
1820;12;dec;-2
1821;1;jan;-0.2
1821;2;feb;-2
1821;3;mar;2.4
1821;4;apr;9.8
1821;5;mai;11.1
1821;6;jun;12.5
1821;7;jul;14.7
1821;8;aug;16.2
1821;9;sep;13.9
1821;10;oct;8.4
1821;11;nov;5.9
1821;12;dec;3.2
1822;1;jan;1.2
1822;2;feb;2.6
1822;3;mar;6.4
1822;4;apr;8.5
1822;5;mai;14.1
1822;6;jun;18.1
1822;7;jul;17.5
1822;8;aug;16.5
1822;9;sep;12.9
1822;10;oct;10.1
1822;11;nov;5.3
1822;12;dec;-2.9
1823;1;jan;-8.1
1823;2;feb;0.3
1823;3;mar;3.2
1823;4;apr;6.3
1823;5;mai;13
1823;6;jun;14.2
1823;7;jul;15.4
1823;8;aug;17.2
1823;9;sep;13.3
1823;10;oct;8.4
1823;11;nov;3.5
1823;12;dec;1.9
1824;1;jan;0.4
1824;2;feb;1.4
1824;3;mar;2.3
1824;4;apr;6.4
1824;5;mai;11.4
1824;6;jun;14.8
1824;7;jul;16.9
1824;8;aug;16.4
1824;9;sep;14.6
1824;10;oct;8.9
1824;11;nov;5.4
1824;12;dec;4
1825;1;jan;1.3
1825;2;feb;0.1
1825;3;mar;0.6
1825;4;apr;8.7
1825;5;mai;12.3
1825;6;jun;15
1825;7;jul;16.5
1825;8;aug;16.2
1825;9;sep;13.8
1825;10;oct;7.9
1825;11;nov;4.8
1825;12;dec;3
1826;1;jan;-6.3
1826;2;feb;0.3
1826;3;mar;3.8
1826;4;apr;7.4
1826;5;mai;10.7
1826;6;jun;16.3
1826;7;jul;19.2
1826;8;aug;19.5
1826;9;sep;13.9
1826;10;oct;9.7
1826;11;nov;2.7
1826;12;dec;1.8
1827;1;jan;-2.3
1827;2;feb;-5.2
1827;3;mar;4
1827;4;apr;9.4
1827;5;mai;13.7
1827;6;jun;16.2
1827;7;jul;18.2
1827;8;aug;15.8
1827;9;sep;13.3
1827;10;oct;9.3
1827;11;nov;0.6
1827;12;dec;2.5
1828;1;jan;-1
1828;2;feb;-1.3
1828;3;mar;3.6
1828;4;apr;8.3
1828;5;mai;12.5
1828;6;jun;16.1
1828;7;jul;17.7
1828;8;aug;15.2
1828;9;sep;13
1828;10;oct;7.8
1828;11;nov;3.2
1828;12;dec;1.8
1829;1;jan;-5.2
1829;2;feb;-4
1829;3;mar;1.2
1829;4;apr;7.2
1829;5;mai;11.4
1829;6;jun;14.3
1829;7;jul;16.7
1829;8;aug;14.6
1829;9;sep;12
1829;10;oct;6.6
1829;11;nov;0.1
1829;12;dec;-7.6
1830;1;jan;-7.8
1830;2;feb;-4.4
1830;3;mar;3.5
1830;4;apr;8.9
1830;5;mai;12.2
1830;6;jun;14.9
1830;7;jul;17.2
1830;8;aug;15.9
1830;9;sep;11.4
1830;10;oct;7.5
1830;11;nov;4.5
1830;12;dec;-0.7
1831;1;jan;-3.7
1831;2;feb;0.2
1831;3;mar;3.8
1831;4;apr;9.5
1831;5;mai;11.5
1831;6;jun;14.2
1831;7;jul;17.3
1831;8;aug;16.4
1831;9;sep;11.7
1831;10;oct;11.4
1831;11;nov;3.3
1831;12;dec;1
1832;1;jan;-1.9
1832;2;feb;-0.4
1832;3;mar;2.4
1832;4;apr;7.5
1832;5;mai;10.4
1832;6;jun;14.7
1832;7;jul;15.4
1832;8;aug;17.1
1832;9;sep;12
1832;10;oct;8.3
1832;11;nov;2
1832;12;dec;0
1833;1;jan;-4.8
1833;2;feb;2.7
1833;3;mar;1.4
1833;4;apr;5.7
1833;5;mai;15.5
1833;6;jun;16.9
1833;7;jul;15.4
1833;8;aug;13.5
1833;9;sep;11.9
1833;10;oct;7.9
1833;11;nov;3.5
1833;12;dec;4.5
1834;1;jan;3.8
1834;2;feb;0.4
1834;3;mar;3.3
1834;4;apr;6
1834;5;mai;14.5
1834;6;jun;16.9
1834;7;jul;19.9
1834;8;aug;18.2
1834;9;sep;15.1
1834;10;oct;8.6
1834;11;nov;3.2
1834;12;dec;1
1835;1;jan;0.1
1835;2;feb;1.9
1835;3;mar;3.1
1835;4;apr;6.1
1835;5;mai;11.5
1835;6;jun;15.8
1835;7;jul;17.7
1835;8;aug;16.4
1835;9;sep;13.5
1835;10;oct;7.2
1835;11;nov;-0.2
1835;12;dec;-2.2
1836;1;jan;-1.4
1836;2;feb;-0.1
1836;3;mar;6.3
1836;4;apr;6.9
1836;5;mai;9.8
1836;6;jun;15.5
1836;7;jul;16.3
1836;8;aug;15.5
1836;9;sep;11.7
1836;10;oct;8.9
1836;11;nov;2.8
1836;12;dec;1.6
1837;1;jan;-1.3
1837;2;feb;-0.7
1837;3;mar;-0.2
1837;4;apr;4.7
1837;5;mai;9.5
1837;6;jun;15.4
1837;7;jul;15.2
1837;8;aug;17.7
1837;9;sep;11.4
1837;10;oct;8.5
1837;11;nov;3
1837;12;dec;0
1838;1;jan;-8.9
1838;2;feb;-4.2
1838;3;mar;2.5
1838;4;apr;4.8
1838;5;mai;11.8
1838;6;jun;14.9
1838;7;jul;16.1
1838;8;aug;14.5
1838;9;sep;13.1
1838;10;oct;7.6
1838;11;nov;2.5
1838;12;dec;-0.8
1839;1;jan;-0.8
1839;2;feb;0.5
1839;3;mar;0.7
1839;4;apr;3.9
1839;5;mai;11.2
1839;6;jun;16.9
1839;7;jul;17.2
1839;8;aug;14.9
1839;9;sep;13.3
1839;10;oct;9.1
1839;11;nov;4.6
1839;12;dec;0.9
1840;1;jan;-0.6
1840;2;feb;0
1840;3;mar;-0.5
1840;4;apr;8.5
1840;5;mai;11.6
1840;6;jun;14.9
1840;7;jul;14.7
1840;8;aug;15.7
1840;9;sep;12.5
1840;10;oct;6
1840;11;nov;4.9
1840;12;dec;-7
1841;1;jan;-2.4
1841;2;feb;-3.8
1841;3;mar;4.2
1841;4;apr;8.1
1841;5;mai;15.1
1841;6;jun;14.3
1841;7;jul;14.9
1841;8;aug;15.8
1841;9;sep;14.2
1841;10;oct;9.6
1841;11;nov;4
1841;12;dec;2.6
1842;1;jan;-4.7
1842;2;feb;-2.4
1842;3;mar;3.8
1842;4;apr;5.8
1842;5;mai;12.7
1842;6;jun;15.9
1842;7;jul;15.7
1842;8;aug;19
1842;9;sep;12.6
1842;10;oct;5.8
1842;11;nov;0.9
1842;12;dec;1.1
1843;1;jan;0.4
1843;2;feb;2.4
1843;3;mar;1.8
1843;4;apr;7
1843;5;mai;10.4
1843;6;jun;13.3
1843;7;jul;15.5
1843;8;aug;16.7
1843;9;sep;12.6
1843;10;oct;7.9
1843;11;nov;3.9
1843;12;dec;2.4
1844;1;jan;-1.5
1844;2;feb;-1.6
1844;3;mar;1.5
1844;4;apr;8.3
1844;5;mai;11.8
1844;6;jun;15.5
1844;7;jul;14.7
1844;8;aug;14
1844;9;sep;13.3
1844;10;oct;8.5
1844;11;nov;4.1
1844;12;dec;-4.8
1845;1;jan;-0.9
1845;2;feb;-5.4
1845;3;mar;-3.7
1845;4;apr;7.5
1845;5;mai;9.3
1845;6;jun;16.1
1845;7;jul;16.8
1845;8;aug;14.2
1845;9;sep;12.1
1845;10;oct;8.3
1845;11;nov;4.5
1845;12;dec;2
1846;1;jan;0.4
1846;2;feb;2.6
1846;3;mar;4.9
1846;4;apr;7.8
1846;5;mai;11.9
1846;6;jun;17.1
1846;7;jul;18.5
1846;8;aug;18.4
1846;9;sep;14
1846;10;oct;9.9
1846;11;nov;2.2
1846;12;dec;-3
1847;1;jan;-3.4
1847;2;feb;-1.6
1847;3;mar;1.7
1847;4;apr;4.8
1847;5;mai;13.9
1847;6;jun;13.4
1847;7;jul;17.2
1847;8;aug;17.2
1847;9;sep;10.7
1847;10;oct;7.1
1847;11;nov;3.3
1847;12;dec;-1.5
1848;1;jan;-8
1848;2;feb;1.5
1848;3;mar;4
1848;4;apr;8.8
1848;5;mai;12.4
1848;6;jun;16.2
1848;7;jul;16.1
1848;8;aug;15.3
1848;9;sep;11.9
1848;10;oct;8.9
1848;11;nov;2.9
1848;12;dec;0
1849;1;jan;-1.5
1849;2;feb;2.5
1849;3;mar;1.9
1849;4;apr;6
1849;5;mai;12.7
1849;6;jun;15.7
1849;7;jul;15.8
1849;8;aug;14.6
1849;9;sep;12.3
1849;10;oct;8
1849;11;nov;1.7
1849;12;dec;-2.2
1850;1;jan;-5.9
1850;2;feb;3
1850;3;mar;0.4
1850;4;apr;7.6
1850;5;mai;10.9
1850;6;jun;15.6
1850;7;jul;16.1
1850;8;aug;15.7
1850;9;sep;10.9
1850;10;oct;6.2
1850;11;nov;4.6
1850;12;dec;0.4
1851;1;jan;0.1
1851;2;feb;-0.1
1851;3;mar;2.9
1851;4;apr;7.8
1851;5;mai;8.7
1851;6;jun;14.9
1851;7;jul;15.4
1851;8;aug;16.1
1851;9;sep;10.8
1851;10;oct;9.5
1851;11;nov;0.3
1851;12;dec;-0.4
1852;1;jan;1.5
1852;2;feb;1.1
1852;3;mar;0.6
1852;4;apr;4.5
1852;5;mai;11.9
1852;6;jun;15.4
1852;7;jul;18.7
1852;8;aug;16.5
1852;9;sep;12.6
1852;10;oct;6.9
1852;11;nov;6.1
1852;12;dec;3.8
1853;1;jan;2
1853;2;feb;-2.6
1853;3;mar;-1.8
1853;4;apr;4.5
1853;5;mai;10.9
1853;6;jun;15.4
1853;7;jul;17
1853;8;aug;15.9
1853;9;sep;12.3
1853;10;oct;8.7
1853;11;nov;1.9
1853;12;dec;-4.6
1854;1;jan;-1
1854;2;feb;-1
1854;3;mar;2.8
1854;4;apr;7.2
1854;5;mai;12
1854;6;jun;14.3
1854;7;jul;16.9
1854;8;aug;15.4
1854;9;sep;12.5
1854;10;oct;8.2
1854;11;nov;1.2
1854;12;dec;2
1855;1;jan;-3.1
1855;2;feb;-4.3
1855;3;mar;1.2
1855;4;apr;5.5
1855;5;mai;10.1
1855;6;jun;15.2
1855;7;jul;16.1
1855;8;aug;16.6
1855;9;sep;12.3
1855;10;oct;10.2
1855;11;nov;1.9
1855;12;dec;-4.2
1856;1;jan;0.1
1856;2;feb;1.4
1856;3;mar;1
1856;4;apr;8.2
1856;5;mai;10.5
1856;6;jun;15.8
1856;7;jul;14.9
1856;8;aug;16.7
1856;9;sep;11.7
1856;10;oct;9
1856;11;nov;0.4
1856;12;dec;0.4
1857;1;jan;-1.9
1857;2;feb;-1.4
1857;3;mar;2.2
1857;4;apr;6.8
1857;5;mai;12.1
1857;6;jun;15.9
1857;7;jul;18.2
1857;8;aug;18.4
1857;9;sep;14.2
1857;10;oct;10.3
1857;11;nov;2.4
1857;12;dec;1.5
1858;1;jan;-3.1
1858;2;feb;-4.6
1858;3;mar;1.2
1858;4;apr;7
1858;5;mai;10.2
1858;6;jun;18.4
1858;7;jul;15.9
1858;8;aug;16.2
1858;9;sep;14.6
1858;10;oct;8.8
1858;11;nov;-0.8
1858;12;dec;0.4
1859;1;jan;0
1859;2;feb;2.2
1859;3;mar;5.6
1859;4;apr;6.9
1859;5;mai;12
1859;6;jun;16.3
1859;7;jul;19.8
1859;8;aug;18.3
1859;9;sep;12.5
1859;10;oct;9.3
1859;11;nov;2.3
1859;12;dec;-2.8
1860;1;jan;1.3
1860;2;feb;-1.9
1860;3;mar;1.1
1860;4;apr;5.9
1860;5;mai;12.4
1860;6;jun;15.2
1860;7;jul;14.7
1860;8;aug;15.1
1860;9;sep;12.3
1860;10;oct;7.5
1860;11;nov;1.3
1860;12;dec;-1.6
1861;1;jan;-5.4
1861;2;feb;2.4
1861;3;mar;4.2
1861;4;apr;5.5
1861;5;mai;9.9
1861;6;jun;17
1861;7;jul;16.9
1861;8;aug;17.6
1861;9;sep;12.9
1861;10;oct;9.5
1861;11;nov;3.4
1861;12;dec;-0.5
1862;1;jan;-1.8
1862;2;feb;0
1862;3;mar;5.4
1862;4;apr;9.2
1862;5;mai;14
1862;6;jun;14.6
1862;7;jul;16.2
1862;8;aug;15.8
1862;9;sep;13.6
1862;10;oct;9.9
1862;11;nov;2.7
1862;12;dec;0.4
1863;1;jan;2.3
1863;2;feb;1.9
1863;3;mar;4.2
1863;4;apr;7.7
1863;5;mai;12.2
1863;6;jun;15.5
1863;7;jul;15.7
1863;8;aug;17.7
1863;9;sep;12.4
1863;10;oct;10.2
1863;11;nov;3.8
1863;12;dec;2.2
1864;1;jan;-5.5
1864;2;feb;-1.2
1864;3;mar;4
1864;4;apr;5.5
1864;5;mai;9.9
1864;6;jun;14.8
1864;7;jul;15.3
1864;8;aug;14
1864;9;sep;12.3
1864;10;oct;7
1864;11;nov;2.1
1864;12;dec;-3.4
1865;1;jan;-0.3
1865;2;feb;-3.9
1865;3;mar;-0.9
1865;4;apr;9.8
1865;5;mai;15.2
1865;6;jun;14.1
1865;7;jul;18.7
1865;8;aug;15.7
1865;9;sep;14.5
1865;10;oct;8.8
1865;11;nov;4.7
1865;12;dec;-0.1
1866;1;jan;2.5
1866;2;feb;3.2
1866;3;mar;2.6
1866;4;apr;8.8
1866;5;mai;9.3
1866;6;jun;17.6
1866;7;jul;15.7
1866;8;aug;14.5
1866;9;sep;14
1866;10;oct;7.2
1866;11;nov;3.9
1866;12;dec;1.1
1867;1;jan;-1.1
1867;2;feb;4
1867;3;mar;1.4
1867;4;apr;7.5
1867;5;mai;11.3
1867;6;jun;15.1
1867;7;jul;15.1
1867;8;aug;17
1867;9;sep;13.7
1867;10;oct;7.5
1867;11;nov;2
1867;12;dec;-1.7
1868;1;jan;-2
1868;2;feb;2.8
1868;3;mar;3.4
1868;4;apr;6.7
1868;5;mai;15.8
1868;6;jun;17
1868;7;jul;18.2
1868;8;aug;17.9
1868;9;sep;14.8
1868;10;oct;8.6
1868;11;nov;1.9
1868;12;dec;4.2
1869;1;jan;-1.1
1869;2;feb;4.4
1869;3;mar;1
1869;4;apr;9.6
1869;5;mai;12.6
1869;6;jun;12.9
1869;7;jul;18.1
1869;8;aug;15
1869;9;sep;13.9
1869;10;oct;6.6
1869;11;nov;3.4
1869;12;dec;-0.5
1870;1;jan;-0.3
1870;2;feb;-4.4
1870;3;mar;1
1870;4;apr;7.4
1870;5;mai;12.5
1870;6;jun;15.1
1870;7;jul;17.9
1870;8;aug;15
1870;9;sep;11.5
1870;10;oct;7.9
1870;11;nov;4.1
1870;12;dec;-4.5
1871;1;jan;-5.1
1871;2;feb;-0.8
1871;3;mar;4.3
1871;4;apr;6.8
1871;5;mai;9.4
1871;6;jun;12.7
1871;7;jul;16.8
1871;8;aug;17.1
1871;9;sep;13.4
1871;10;oct;5.9
1871;11;nov;0.7
1871;12;dec;-4.8
1872;1;jan;-0.1
1872;2;feb;1.2
1872;3;mar;4.8
1872;4;apr;8.5
1872;5;mai;12.3
1872;6;jun;15.3
1872;7;jul;18.1
1872;8;aug;15.4
1872;9;sep;13.7
1872;10;oct;9.4
1872;11;nov;5.7
1872;12;dec;2.5
1873;1;jan;1.9
1873;2;feb;-0.6
1873;3;mar;4.6
1873;4;apr;6.4
1873;5;mai;9.7
1873;6;jun;15.7
1873;7;jul;18.3
1873;8;aug;17.7
1873;9;sep;12
1873;10;oct;9.4
1873;11;nov;4.2
1873;12;dec;1
1874;1;jan;0.9
1874;2;feb;0.1
1874;3;mar;3.2
1874;4;apr;9.1
1874;5;mai;8.9
1874;6;jun;15.5
1874;7;jul;19.1
1874;8;aug;15
1874;9;sep;14.7
1874;10;oct;9.2
1874;11;nov;1.5
1874;12;dec;-1.6
1875;1;jan;1.1
1875;2;feb;-3.9
1875;3;mar;0.4
1875;4;apr;6.8
1875;5;mai;12.9
1875;6;jun;16.9
1875;7;jul;16.6
1875;8;aug;17.9
1875;9;sep;13.4
1875;10;oct;6.4
1875;11;nov;2.4
1875;12;dec;-2
1876;1;jan;-3.5
1876;2;feb;0.7
1876;3;mar;3.8
1876;4;apr;8.3
1876;5;mai;8.6
1876;6;jun;15.8
1876;7;jul;17.4
1876;8;aug;17.1
1876;9;sep;11.9
1876;10;oct;10.1
1876;11;nov;1.2
1876;12;dec;1.9
1877;1;jan;2.1
1877;2;feb;2.7
1877;3;mar;2
1877;4;apr;6
1877;5;mai;9.4
1877;6;jun;17.7
1877;7;jul;16.5
1877;8;aug;17.2
1877;9;sep;10.5
1877;10;oct;6.9
1877;11;nov;5.4
1877;12;dec;0.4
1878;1;jan;-0.5
1878;2;feb;2.2
1878;3;mar;2.9
1878;4;apr;8.4
1878;5;mai;12.3
1878;6;jun;15.4
1878;7;jul;15.7
1878;8;aug;16.4
1878;9;sep;13.7
1878;10;oct;9.3
1878;11;nov;2.9
1878;12;dec;-1.7
1879;1;jan;-2.7
1879;2;feb;0.3
1879;3;mar;1.9
1879;4;apr;5.6
1879;5;mai;9.5
1879;6;jun;15.7
1879;7;jul;14.4
1879;8;aug;16.9
1879;9;sep;13.5
1879;10;oct;7.7
1879;11;nov;0.7
1879;12;dec;-7.2
1880;1;jan;-2.8
1880;2;feb;0.2
1880;3;mar;3.9
1880;4;apr;8.3
1880;5;mai;10.7
1880;6;jun;14.7
1880;7;jul;17.4
1880;8;aug;16.2
1880;9;sep;13.7
1880;10;oct;7.5
1880;11;nov;3.9
1880;12;dec;3.9
1881;1;jan;-5.4
1881;2;feb;-0.1
1881;3;mar;2.6
1881;4;apr;5.5
1881;5;mai;11.8
1881;6;jun;15.1
1881;7;jul;18.6
1881;8;aug;15.9
1881;9;sep;12.1
1881;10;oct;5
1881;11;nov;5.7
1881;12;dec;0.9
1882;1;jan;0.4
1882;2;feb;1.5
1882;3;mar;6
1882;4;apr;7.7
1882;5;mai;12
1882;6;jun;14.3
1882;7;jul;16.8
1882;8;aug;14.9
1882;9;sep;13.1
1882;10;oct;8.9
1882;11;nov;3.9
1882;12;dec;0.6
1883;1;jan;-0.3
1883;2;feb;2.3
1883;3;mar;-1.66
1883;4;apr;6.1
1883;5;mai;12.4
1883;6;jun;16.2
1883;7;jul;16.7
1883;8;aug;15.9
1883;9;sep;13.4
1883;10;oct;8.5
1883;11;nov;4.3
1883;12;dec;0.8
1884;1;jan;2.9
1884;2;feb;2.7
1884;3;mar;4.7
1884;4;apr;6.1
1884;5;mai;12.7
1884;6;jun;13.1
1884;7;jul;18.2
1884;8;aug;17
1884;9;sep;14.2
1884;10;oct;7.9
1884;11;nov;1.7
1884;12;dec;1.7
1885;1;jan;-2.8
1885;2;feb;3
1885;3;mar;2.5
1885;4;apr;9.2
1885;5;mai;10
1885;6;jun;16.7
1885;7;jul;17.3
1885;8;aug;14.6
1885;9;sep;12.7
1885;10;oct;7.4
1885;11;nov;2.7
1885;12;dec;-0.3
1886;1;jan;-1.3
1886;2;feb;-2.9
1886;3;mar;0.4
1886;4;apr;8.7
1886;5;mai;12.7
1886;6;jun;14.3
1886;7;jul;16.8
1886;8;aug;16.9
1886;9;sep;15.1
1886;10;oct;9.5
1886;11;nov;5.1
1886;12;dec;0.8
1887;1;jan;-3.7
1887;2;feb;-0.8
1887;3;mar;1.1
1887;4;apr;7.1
1887;5;mai;10
1887;6;jun;15.5
1887;7;jul;18.7
1887;8;aug;15.7
1887;9;sep;12.2
1887;10;oct;5.5
1887;11;nov;3.1
1887;12;dec;-0.8
1888;1;jan;-1.9
1888;2;feb;-2.6
1888;3;mar;0.7
1888;4;apr;5.7
1888;5;mai;12.1
1888;6;jun;15.8
1888;7;jul;14.7
1888;8;aug;15
1888;9;sep;12.5
1888;10;oct;6.4
1888;11;nov;3.3
1888;12;dec;0.6
1889;1;jan;-2.4
1889;2;feb;-2.6
1889;3;mar;0.3
1889;4;apr;6.9
1889;5;mai;15.78
1889;6;jun;18.6
1889;7;jul;16.3
1889;8;aug;15.3
1889;9;sep;11.1
1889;10;oct;8
1889;11;nov;2.7
1889;12;dec;-1.6
1890;1;jan;2
1890;2;feb;-2.6
1890;3;mar;4.1
1890;4;apr;6.8
1890;5;mai;13.6
1890;6;jun;13.9
1890;7;jul;15.4
1890;8;aug;16.5
1890;9;sep;13.1
1890;10;oct;7.2
1890;11;nov;2.9
1890;12;dec;-5.3
1891;1;jan;-4.5
1891;2;feb;-0.6
1891;3;mar;2.6
1891;4;apr;5.1
1891;5;mai;12.6
1891;6;jun;14.7
1891;7;jul;16.2
1891;8;aug;15
1891;9;sep;13.8
1891;10;oct;9.9
1891;11;nov;2.7
1891;12;dec;1.7
1892;1;jan;-1.8
1892;2;feb;0.5
1892;3;mar;0.5
1892;4;apr;7
1892;5;mai;12.2
1892;6;jun;15.1
1892;7;jul;16
1892;8;aug;18.1
1892;9;sep;13.8
1892;10;oct;7.4
1892;11;nov;3
1892;12;dec;-1.9
1893;1;jan;-7.3
1893;2;feb;1.8
1893;3;mar;4.3
1893;4;apr;8.8
1893;5;mai;12.2
1893;6;jun;15.8
1893;7;jul;17.4
1893;8;aug;17
1893;9;sep;12.4
1893;10;oct;9.8
1893;11;nov;2.2
1893;12;dec;0.3
1894;1;jan;-1.8
1894;2;feb;1.6
1894;3;mar;4.7
1894;4;apr;9.9
1894;5;mai;11.3
1894;6;jun;14.2
1894;7;jul;17.8
1894;8;aug;15.4
1894;9;sep;11
1894;10;oct;8
1894;11;nov;4.9
1894;12;dec;0.5
1895;1;jan;-4
1895;2;feb;-6.8
1895;3;mar;1.4
1895;4;apr;8.6
1895;5;mai;12.2
1895;6;jun;15.7
1895;7;jul;17.2
1895;8;aug;16.5
1895;9;sep;15.2
1895;10;oct;7.1
1895;11;nov;4.8
1895;12;dec;-0.1
1896;1;jan;-0.8
1896;2;feb;-0.2
1896;3;mar;5.3
1896;4;apr;5.9
1896;5;mai;10.7
1896;6;jun;16.7
1896;7;jul;17
1896;8;aug;14.3
1896;9;sep;12.7
1896;10;oct;8.6
1896;11;nov;1.2
1896;12;dec;-0.5
1897;1;jan;-2.9
1897;2;feb;1.1
1897;3;mar;5
1897;4;apr;7.2
1897;5;mai;10.6
1897;6;jun;17
1897;7;jul;16.5
1897;8;aug;17.1
1897;9;sep;12.3
1897;10;oct;7.3
1897;11;nov;2.8
1897;12;dec;1.3
1898;1;jan;2.3
1898;2;feb;1.1
1898;3;mar;2.9
1898;4;apr;7.3
1898;5;mai;11.3
1898;6;jun;14.8
1898;7;jul;14.4
1898;8;aug;18
1898;9;sep;13.6
1898;10;oct;8.9
1898;11;nov;4.7
1898;12;dec;3
1899;1;jan;2.1
1899;2;feb;2
1899;3;mar;2.6
1899;4;apr;7.1
1899;5;mai;11.1
1899;6;jun;14.7
1899;7;jul;17.3
1899;8;aug;16.8
1899;9;sep;12.5
1899;10;oct;7.8
1899;11;nov;6.4
1899;12;dec;-3.3
1900;1;jan;0.7
1900;2;feb;1.1
1900;3;mar;0.6
1900;4;apr;6.5
1900;5;mai;10.8
1900;6;jun;15.9
1900;7;jul;18.4
1900;8;aug;16.2
1900;9;sep;13.8
1900;10;oct;8.6
1900;11;nov;4.7
1900;12;dec;2.8
1901;1;jan;-3.7
1901;2;feb;-4.1
1901;3;mar;2.1
1901;4;apr;8
1901;5;mai;12.8
1901;6;jun;15.6
1901;7;jul;18.5
1901;8;aug;16.4
1901;9;sep;13.4
1901;10;oct;9.1
1901;11;nov;2.7
1901;12;dec;0.9
1902;1;jan;2.8
1902;2;feb;-1.2
1902;3;mar;3.4
1902;4;apr;7.8
1902;5;mai;8.61
1902;6;jun;15.3
1902;7;jul;15.8
1902;8;aug;14.7
1902;9;sep;12
1902;10;oct;7.1
1902;11;nov;1.6
1902;12;dec;-1.8
1903;1;jan;0.3
1903;2;feb;3.6
1903;3;mar;5.7
1903;4;apr;4.6
1903;5;mai;12.6
1903;6;jun;14.8
1903;7;jul;16.2
1903;8;aug;15.4
1903;9;sep;13.5
1903;10;oct;9.6
1903;11;nov;4.4
1903;12;dec;-0.8
1904;1;jan;-1.3
1904;2;feb;1.1
1904;3;mar;3
1904;4;apr;8.8
1904;5;mai;12.3
1904;6;jun;15.2
1904;7;jul;18.7
1904;8;aug;16.5
1904;9;sep;11.9
1904;10;oct;8.3
1904;11;nov;3.3
1904;12;dec;2.4
1905;1;jan;-1.8
1905;2;feb;1.3
1905;3;mar;4.5
1905;4;apr;5.9
1905;5;mai;12.1
1905;6;jun;17
1905;7;jul;18.6
1905;8;aug;16.5
1905;9;sep;12.8
1905;10;oct;4.46
1905;11;nov;3.1
1905;12;dec;1
1906;1;jan;1
1906;2;feb;0.3
1906;3;mar;2.2
1906;4;apr;8
1906;5;mai;13.1
1906;6;jun;14.7
1906;7;jul;17.2
1906;8;aug;16.5
1906;9;sep;12.5
1906;10;oct;9.8
1906;11;nov;6.3
1906;12;dec;-2.2
1907;1;jan;-0.3
1907;2;feb;-1.5
1907;3;mar;2.6
1907;4;apr;6.1
1907;5;mai;12.9
1907;6;jun;14.6
1907;7;jul;14.5
1907;8;aug;15.7
1907;9;sep;13.1
1907;10;oct;11.2
1907;11;nov;3.3
1907;12;dec;1.5
1908;1;jan;-2.2
1908;2;feb;1.2
1908;3;mar;2.3
1908;4;apr;5.4
1908;5;mai;13.2
1908;6;jun;17
1908;7;jul;17.2
1908;8;aug;14.5
1908;9;sep;12.1
1908;10;oct;8.1
1908;11;nov;1.5
1908;12;dec;-0.5
1909;1;jan;-1.6
1909;2;feb;-2.5
1909;3;mar;1.5
1909;4;apr;7.8
1909;5;mai;10.9
1909;6;jun;14.1
1909;7;jul;15
1909;8;aug;16.2
1909;9;sep;12.7
1909;10;oct;10.2
1909;11;nov;2
1909;12;dec;1.9
1910;1;jan;1.4
1910;2;feb;2.4
1910;3;mar;3.7
1910;4;apr;7.3
1910;5;mai;12.3
1910;6;jun;16.5
1910;7;jul;15.5
1910;8;aug;15.8
1910;9;sep;12
1910;10;oct;9.1
1910;11;nov;2.2
1910;12;dec;2.6
1911;1;jan;-1.1
1911;2;feb;1.3
1911;3;mar;4
1911;4;apr;7.2
1911;5;mai;13.1
1911;6;jun;14.9
1911;7;jul;19.1
1911;8;aug;19.4
1911;9;sep;14.4
1911;10;oct;8.5
1911;11;nov;4.7
1911;12;dec;3
1912;1;jan;-1.5
1912;2;feb;2.3
1912;3;mar;6
1912;4;apr;6.9
1912;5;mai;11.9
1912;6;jun;15.6
1912;7;jul;17.9
1912;8;aug;13.97
1912;9;sep;9.08
1912;10;oct;6.5
1912;11;nov;2.6
1912;12;dec;3.1
1913;1;jan;-0.2
1913;2;feb;1.3
1913;3;mar;6
1913;4;apr;7.8
1913;5;mai;12.4
1913;6;jun;14.8
1913;7;jul;14.6
1913;8;aug;14.8
1913;9;sep;12.6
1913;10;oct;9.5
1913;11;nov;6.8
1913;12;dec;2
1914;1;jan;-3
1914;2;feb;3.1
1914;3;mar;4.7
1914;4;apr;9.8
1914;5;mai;10.9
1914;6;jun;14.6
1914;7;jul;17.6
1914;8;aug;17.2
1914;9;sep;12.4
1914;10;oct;8.2
1914;11;nov;3.4
1914;12;dec;3.5
1915;1;jan;0.2
1915;2;feb;0.9
1915;3;mar;1.7
1915;4;apr;6.9
1915;5;mai;13.1
1915;6;jun;17.5
1915;7;jul;16.2
1915;8;aug;15.2
1915;9;sep;11.8
1915;10;oct;6.4
1915;11;nov;1.5
1915;12;dec;3.5
1916;1;jan;3.8
1916;2;feb;0.8
1916;3;mar;3.9
1916;4;apr;8.2
1916;5;mai;13.1
1916;6;jun;12.8
1916;7;jul;16
1916;8;aug;15.9
1916;9;sep;12
1916;10;oct;8.5
1916;11;nov;4.5
1916;12;dec;1.8
1917;1;jan;-2.6
1917;2;feb;-3.8
1917;3;mar;0
1917;4;apr;4.33
1917;5;mai;15
1917;6;jun;18.8
1917;7;jul;17.3
1917;8;aug;16.7
1917;9;sep;14.5
1917;10;oct;7.2
1917;11;nov;5.1
1917;12;dec;-2.1
1918;1;jan;0.7
1918;2;feb;1.7
1918;3;mar;4
1918;4;apr;9
1918;5;mai;14
1918;6;jun;13
1918;7;jul;16.5
1918;8;aug;15.9
1918;9;sep;12.9
1918;10;oct;7.9
1918;11;nov;3
1918;12;dec;3.9
1919;1;jan;0.7
1919;2;feb;-0.5
1919;3;mar;3
1919;4;apr;5.5
1919;5;mai;11.6
1919;6;jun;15
1919;7;jul;14.36
1919;8;aug;16.1
1919;9;sep;14.7
1919;10;oct;6
1919;11;nov;0.5
1919;12;dec;0.8
1920;1;jan;2.3
1920;2;feb;3
1920;3;mar;6.1
1920;4;apr;9.4
1920;5;mai;13.8
1920;6;jun;14.9
1920;7;jul;17.4
1920;8;aug;15
1920;9;sep;13
1920;10;oct;6.9
1920;11;nov;1.2
1920;12;dec;0.6
1921;1;jan;4.2
1921;2;feb;1.2
1921;3;mar;5.6
1921;4;apr;7.8
1921;5;mai;14
1921;6;jun;14.4
1921;7;jul;18.7
1921;8;aug;17.2
1921;9;sep;13.4
1921;10;oct;11
1921;11;nov;-0.18
1921;12;dec;0.5
1922;1;jan;-2.7
1922;2;feb;-1.3
1922;3;mar;3.5
1922;4;apr;5.5
1922;5;mai;13.6
1922;6;jun;15.7
1922;7;jul;15.7
1922;8;aug;15.4
1922;9;sep;11.2
1922;10;oct;5
1922;11;nov;2.5
1922;12;dec;2.2
1923;1;jan;1.5
1923;2;feb;1
1923;3;mar;4.9
1923;4;apr;6.8
1923;5;mai;11.4
1923;6;jun;11.19
1923;7;jul;18.6
1923;8;aug;15.7
1923;9;sep;13.1
1923;10;oct;10.3
1923;11;nov;2.9
1923;12;dec;-1.7
1924;1;jan;-2.9
1924;2;feb;-2.6
1924;3;mar;2.2
1924;4;apr;6.3
1924;5;mai;13.7
1924;6;jun;15.1
1924;7;jul;16.7
1924;8;aug;14.5
1924;9;sep;13.6
1924;10;oct;9.4
1924;11;nov;3
1924;12;dec;1.5
1925;1;jan;2.5
1925;2;feb;3.6
1925;3;mar;1.3
1925;4;apr;8.2
1925;5;mai;13.9
1925;6;jun;15
1925;7;jul;17.9
1925;8;aug;16.5
1925;9;sep;11
1925;10;oct;8.5
1925;11;nov;2
1925;12;dec;-0.4
1926;1;jan;0
1926;2;feb;4.4
1926;3;mar;4
1926;4;apr;9.7
1926;5;mai;10.7
1926;6;jun;13.8
1926;7;jul;17.4
1926;8;aug;16
1926;9;sep;14.6
1926;10;oct;7.8
1926;11;nov;6
1926;12;dec;0.5
1927;1;jan;1.8
1927;2;feb;0.9
1927;3;mar;5.9
1927;4;apr;7.1
1927;5;mai;10.9
1927;6;jun;14.1
1927;7;jul;17.3
1927;8;aug;16.4
1927;9;sep;13.5
1927;10;oct;8.5
1927;11;nov;2.7
1927;12;dec;-2.6
1928;1;jan;1.6
1928;2;feb;2.5
1928;3;mar;2.9
1928;4;apr;7.5
1928;5;mai;10.1
1928;6;jun;14.1
1928;7;jul;18.3
1928;8;aug;16.2
1928;9;sep;12.5
1928;10;oct;8.6
1928;11;nov;6.2
1928;12;dec;-0.3
1929;1;jan;-4.7
1929;2;feb;-9.6
1929;3;mar;2.6
1929;4;apr;4.5
1929;5;mai;13.1
1929;6;jun;14.5
1929;7;jul;17.5
1929;8;aug;17.1
1929;9;sep;15.5
1929;10;oct;9.7
1929;11;nov;4.7
1929;12;dec;3.5
1930;1;jan;2.3
1930;2;feb;-0.2
1930;3;mar;4.2
1930;4;apr;8.3
1930;5;mai;11.6
1930;6;jun;18.2
1930;7;jul;16.3
1930;8;aug;15.9
1930;9;sep;13.2
1930;10;oct;8.7
1930;11;nov;5.9
1930;12;dec;0.6
1931;1;jan;0.2
1931;2;feb;-1.2
1931;3;mar;0.2
1931;4;apr;5.8
1931;5;mai;15.1
1931;6;jun;16.1
1931;7;jul;16.8
1931;8;aug;15.4
1931;9;sep;10.2
1931;10;oct;7.3
1931;11;nov;4.6
1931;12;dec;0.1
1932;1;jan;1.8
1932;2;feb;-1.9
1932;3;mar;0.8
1932;4;apr;7
1932;5;mai;12.5
1932;6;jun;14.6
1932;7;jul;17.9
1932;8;aug;18.7
1932;9;sep;15
1932;10;oct;8.5
1932;11;nov;4.2
1932;12;dec;0.8
1933;1;jan;-2.6
1933;2;feb;0.1
1933;3;mar;5.1
1933;4;apr;7
1933;5;mai;11.5
1933;6;jun;14.3
1933;7;jul;18.1
1933;8;aug;16.9
1933;9;sep;13.5
1933;10;oct;8.8
1933;11;nov;2.5
1933;12;dec;-3.9
1934;1;jan;0.4
1934;2;feb;1.2
1934;3;mar;4.1
1934;4;apr;10.3
1934;5;mai;13.3
1934;6;jun;16.4
1934;7;jul;18.3
1934;8;aug;16.4
1934;9;sep;15.6
1934;10;oct;9.6
1934;11;nov;4.1
1934;12;dec;4.8
1935;1;jan;-0.8
1935;2;feb;1.9
1935;3;mar;2.7
1935;4;apr;7.3
1935;5;mai;10.5
1935;6;jun;17.2
1935;7;jul;17.8
1935;8;aug;16.6
1935;9;sep;13.7
1935;10;oct;8.6
1935;11;nov;5.2
1935;12;dec;0.4
1936;1;jan;3.1
1936;2;feb;0.2
1936;3;mar;5
1936;4;apr;6.2
1936;5;mai;12.3
1936;6;jun;16.2
1936;7;jul;16.8
1936;8;aug;16.2
1936;9;sep;13
1936;10;oct;6.4
1936;11;nov;3.8
1936;12;dec;1.5
1937;1;jan;-0.8
1937;2;feb;2.2
1937;3;mar;2.9
1937;4;apr;8
1937;5;mai;14.7
1937;6;jun;16.3
1937;7;jul;17.1
1937;8;aug;17.1
1937;9;sep;13.3
1937;10;oct;9.4
1937;11;nov;3.3
1937;12;dec;-0.5
1938;1;jan;1.7
1938;2;feb;0.9
1938;3;mar;6.9
1938;4;apr;5
1938;5;mai;10.7
1938;6;jun;16
1938;7;jul;16.7
1938;8;aug;17.7
1938;9;sep;13.8
1938;10;oct;8.7
1938;11;nov;7
1938;12;dec;-1.9
1939;1;jan;2.6
1939;2;feb;1.6
1939;3;mar;1.7
1939;4;apr;8.6
1939;5;mai;10.5
1939;6;jun;16.3
1939;7;jul;17
1939;8;aug;17.5
1939;9;sep;13.4
1939;10;oct;6.5
1939;11;nov;5.5
1939;12;dec;-1.6
1940;1;jan;-9
1940;2;feb;-4.3
1940;3;mar;2.7
1940;4;apr;7.9
1940;5;mai;12.2
1940;6;jun;16.7
1940;7;jul;16.2
1940;8;aug;14.5
1940;9;sep;12.4
1940;10;oct;7.6
1940;11;nov;5.4
1940;12;dec;-2.8
1941;1;jan;-5.4
1941;2;feb;-0.2
1941;3;mar;3.2
1941;4;apr;5.5
1941;5;mai;9.2
1941;6;jun;16.3
1941;7;jul;18.5
1941;8;aug;15
1941;9;sep;12.3
1941;10;oct;8
1941;11;nov;2
1941;12;dec;1.5
1942;1;jan;-7.9
1942;2;feb;-5.4
1942;3;mar;1.4
1942;4;apr;7.5
1942;5;mai;12.1
1942;6;jun;14.4
1942;7;jul;16.1
1942;8;aug;17.6
1942;9;sep;15.1
1942;10;oct;11.1
1942;11;nov;3.3
1942;12;dec;2.1
1943;1;jan;-0.4
1943;2;feb;2.9
1943;3;mar;5.6
1943;4;apr;9.3
1943;5;mai;12.8
1943;6;jun;14.4
1943;7;jul;17.7
1943;8;aug;17.9
1943;9;sep;13.8
1943;10;oct;9.9
1943;11;nov;2.7
1943;12;dec;0.2
1944;1;jan;3.1
1944;2;feb;-1.1
1944;3;mar;0.9
1944;4;apr;8.6
1944;5;mai;11.6
1944;6;jun;14.2
1944;7;jul;17.4
1944;8;aug;19.6
1944;9;sep;12.8
1944;10;oct;8.6
1944;11;nov;4.1
1944;12;dec;-0.4
1945;1;jan;-4
1945;2;feb;4
1945;3;mar;6
1945;4;apr;8.8
1945;5;mai;14
1945;6;jun;16.6
1945;7;jul;17.9
1945;8;aug;16.2
1945;9;sep;13.8
1945;10;oct;9.7
1945;11;nov;3.6
1945;12;dec;1.3
1946;1;jan;-1.8
1946;2;feb;2.4
1946;3;mar;3.7
1946;4;apr;10.2
1946;5;mai;13.9
1946;6;jun;14.7
1946;7;jul;18.4
1946;8;aug;16.2
1946;9;sep;14.1
1946;10;oct;7
1946;11;nov;4
1946;12;dec;-2.3
1947;1;jan;-4.7
1947;2;feb;-6.6
1947;3;mar;2.6
1947;4;apr;9.4
1947;5;mai;14.7
1947;6;jun;17.9
1947;7;jul;18.9
1947;8;aug;18.9
1947;9;sep;16.8
1947;10;oct;7.7
1947;11;nov;5.2
1947;12;dec;1.4
1948;1;jan;3.1
1948;2;feb;0.5
1948;3;mar;5.7
1948;4;apr;10
1948;5;mai;13.6
1948;6;jun;15.6
1948;7;jul;16.2
1948;8;aug;16.4
1948;9;sep;13.8
1948;10;oct;8.7
1948;11;nov;4.2
1948;12;dec;0.9
1949;1;jan;1.2
1949;2;feb;1.7
1949;3;mar;2
1949;4;apr;10.3
1949;5;mai;12.2
1949;6;jun;14.1
1949;7;jul;17.6
1949;8;aug;17
1949;9;sep;16.3
1949;10;oct;10.6
1949;11;nov;3.7
1949;12;dec;3
1950;1;jan;-1
1950;2;feb;2.9
1950;3;mar;4.8
1950;4;apr;6.7
1950;5;mai;13.8
1950;6;jun;17.6
1950;7;jul;18
1950;8;aug;17.5
1950;9;sep;12.9
1950;10;oct;7.8
1950;11;nov;4.3
1950;12;dec;-2
1951;1;jan;1.5
1951;2;feb;1.8
1951;3;mar;2.2
1951;4;apr;7.3
1951;5;mai;11.5
1951;6;jun;15.3
1951;7;jul;17.1
1951;8;aug;17.2
1951;9;sep;14.5
1951;10;oct;7.3
1951;11;nov;6.5
1951;12;dec;2.5
1952;1;jan;0.2
1952;2;feb;-0.1
1952;3;mar;2.6
1952;4;apr;10.3
1952;5;mai;12.3
1952;6;jun;15.2
1952;7;jul;18.3
1952;8;aug;17.8
1952;9;sep;10.5
1952;10;oct;7.2
1952;11;nov;1.6
1952;12;dec;-0.5
1953;1;jan;-0.8
1953;2;feb;-0.1
1953;3;mar;4.8
1953;4;apr;9
1953;5;mai;13.2
1953;6;jun;16.1
1953;7;jul;17.4
1953;8;aug;16.4
1953;9;sep;13.5
1953;10;oct;10.4
1953;11;nov;4.8
1953;12;dec;2.5
1954;1;jan;-3.2
1954;2;feb;-3.5
1954;3;mar;4.3
1954;4;apr;5.8
1954;5;mai;12.2
1954;6;jun;16
1954;7;jul;14.4
1954;8;aug;15.7
1954;9;sep;13.5
1954;10;oct;9.9
1954;11;nov;4
1954;12;dec;3.2
1955;1;jan;-1.7
1955;2;feb;-1.9
1955;3;mar;0.4
1955;4;apr;6.9
1955;5;mai;10.3
1955;6;jun;14.5
1955;7;jul;17.3
1955;8;aug;16.8
1955;9;sep;13.4
1955;10;oct;8
1955;11;nov;3.8
1955;12;dec;2.6
1956;1;jan;0.2
1956;2;feb;-9.62
1956;3;mar;2.9
1956;4;apr;5.3
1956;5;mai;12.5
1956;6;jun;13.2
1956;7;jul;16.9
1956;8;aug;14.1
1956;9;sep;13.8
1956;10;oct;8.2
1956;11;nov;2.5
1956;12;dec;2
1957;1;jan;0.3
1957;2;feb;3.8
1957;3;mar;6.4
1957;4;apr;7.5
1957;5;mai;9.7
1957;6;jun;16.7
1957;7;jul;17.7
1957;8;aug;15.1
1957;9;sep;11.8
1957;10;oct;9.1
1957;11;nov;4.5
1957;12;dec;0.5
1958;1;jan;-0.4
1958;2;feb;1.9
1958;3;mar;-0.3
1958;4;apr;5.2
1958;5;mai;13.3
1958;6;jun;14.5
1958;7;jul;16.9
1958;8;aug;16.9
1958;9;sep;14.5
1958;10;oct;9.3
1958;11;nov;4.3
1958;12;dec;2.4
1959;1;jan;-0.1
1959;2;feb;-0.1
1959;3;mar;6.2
1959;4;apr;9.4
1959;5;mai;12.7
1959;6;jun;16.1
1959;7;jul;19.3
1959;8;aug;17.3
1959;9;sep;13.5
1959;10;oct;8.4
1959;11;nov;3.3
1959;12;dec;2.2
1960;1;jan;-0.1
1960;2;feb;-0.1
1960;3;mar;6.2
1960;4;apr;7.4
1960;5;mai;12.8
1960;6;jun;16.2
1960;7;jul;15.4
1960;8;aug;15.8
1960;9;sep;12.5
1960;10;oct;9.1
1960;11;nov;6
1960;12;dec;1.2
1961;1;jan;-0.8
1961;2;feb;4.4
1961;3;mar;6
1961;4;apr;10.6
1961;5;mai;10.3
1961;6;jun;16
1961;7;jul;15.1
1961;8;aug;15.7
1961;9;sep;16.3
1961;10;oct;10.5
1961;11;nov;3.7
1961;12;dec;-0.6
1962;1;jan;1.7
1962;2;feb;0.3
1962;3;mar;0.2
1962;4;apr;8.2
1962;5;mai;9.7
1962;6;jun;14.2
1962;7;jul;15
1962;8;aug;15.8
1962;9;sep;12.3
1962;10;oct;8.9
1962;11;nov;2.7
1962;12;dec;-3.3
1963;1;jan;-7.4
1963;2;feb;-5.7
1963;3;mar;2.4
1963;4;apr;8.4
1963;5;mai;12
1963;6;jun;15.8
1963;7;jul;17.7
1963;8;aug;15.9
1963;9;sep;13.7
1963;10;oct;8.1
1963;11;nov;7.4
1963;12;dec;-3.1
1964;1;jan;-2.6
1964;2;feb;0.6
1964;3;mar;0.6
1964;4;apr;8.6
1964;5;mai;13.6
1964;6;jun;16.9
1964;7;jul;18.1
1964;8;aug;15.9
1964;9;sep;13.6
1964;10;oct;7.1
1964;11;nov;4.9
1964;12;dec;0.4
1965;1;jan;1.2
1965;2;feb;-1.8
1965;3;mar;2.3
1965;4;apr;6.7
1965;5;mai;11.2
1965;6;jun;15.5
1965;7;jul;15
1965;8;aug;14.9
1965;9;sep;12.7
1965;10;oct;8.1
1965;11;nov;1.3
1965;12;dec;2.6
1966;1;jan;-2.7
1966;2;feb;3.5
1966;3;mar;3.3
1966;4;apr;8.6
1966;5;mai;13
1966;6;jun;16.9
1966;7;jul;15.6
1966;8;aug;15.5
1966;9;sep;13.2
1966;10;oct;11.1
1966;11;nov;2.2
1966;12;dec;2
1967;1;jan;0.7
1967;2;feb;2.8
1967;3;mar;5.4
1967;4;apr;6.5
1967;5;mai;12.5
1967;6;jun;14.7
1967;7;jul;18.6
1967;8;aug;16.4
1967;9;sep;13.8
1967;10;oct;11.1
1967;11;nov;3.8
1967;12;dec;0.4
1968;1;jan;-1.1
1968;2;feb;0.7
1968;3;mar;4.4
1968;4;apr;9
1968;5;mai;10.9
1968;6;jun;16
1968;7;jul;16.2
1968;8;aug;16.4
1968;9;sep;13.4
1968;10;oct;10.2
1968;11;nov;3.7
1968;12;dec;-2
1969;1;jan;0.4
1969;2;feb;-2.1
1969;3;mar;0.9
1969;4;apr;7
1969;5;mai;12.9
1969;6;jun;14.8
1969;7;jul;18.4
1969;8;aug;16.5
1969;9;sep;13.8
1969;10;oct;10
1969;11;nov;5.1
1969;12;dec;-4.7
1970;1;jan;-2.6
1970;2;feb;-1.1
1970;3;mar;1.2
1970;4;apr;5.3
1970;5;mai;11.4
1970;6;jun;17.2
1970;7;jul;16.1
1970;8;aug;16.8
1970;9;sep;13.2
1970;10;oct;8.9
1970;11;nov;5.8
1970;12;dec;0.5
1971;1;jan;-1.1
1971;2;feb;1.4
1971;3;mar;1
1971;4;apr;8.2
1971;5;mai;14
1971;6;jun;13.9
1971;7;jul;18
1971;8;aug;17.8
1971;9;sep;12
1971;10;oct;8.8
1971;11;nov;3.5
1971;12;dec;3.6
1972;1;jan;-2.3
1972;2;feb;1.9
1972;3;mar;5.3
1972;4;apr;7.2
1972;5;mai;11.3
1972;6;jun;14.4
1972;7;jul;17.7
1972;8;aug;15.7
1972;9;sep;10.7
1972;10;oct;6.8
1972;11;nov;4.3
1972;12;dec;0.8
1973;1;jan;0
1973;2;feb;1
1973;3;mar;3.9
1973;4;apr;5.1
1973;5;mai;12.5
1973;6;jun;16.1
1973;7;jul;17.2
1973;8;aug;17.7
1973;9;sep;14.1
1973;10;oct;7.3
1973;11;nov;3.3
1973;12;dec;0.2
1974;1;jan;3.3
1974;2;feb;3.2
1974;3;mar;5.6
1974;4;apr;7.9
1974;5;mai;11
1974;6;jun;14.1
1974;7;jul;15.3
1974;8;aug;17.1
1974;9;sep;13.2
1974;10;oct;5.5
1974;11;nov;4.9
1974;12;dec;4.8
1975;1;jan;4.5
1975;2;feb;1.4
1975;3;mar;3.6
1975;4;apr;6.8
1975;5;mai;11.8
1975;6;jun;14.7
1975;7;jul;18.2
1975;8;aug;18.8
1975;9;sep;15.5
1975;10;oct;7.5
1975;11;nov;3.1
1975;12;dec;1.2
1976;1;jan;1.2
1976;2;feb;0.5
1976;3;mar;1.3
1976;4;apr;6.9
1976;5;mai;12.8
1976;6;jun;17.4
1976;7;jul;19.3
1976;8;aug;16.2
1976;9;sep;12.7
1976;10;oct;9.5
1976;11;nov;4.8
1976;12;dec;-1
1977;1;jan;0.4
1977;2;feb;3
1977;3;mar;6.1
1977;4;apr;5.6
1977;5;mai;11.7
1977;6;jun;15.5
1977;7;jul;16.5
1977;8;aug;15.9
1977;9;sep;11.9
1977;10;oct;10.1
1977;11;nov;5.1
1977;12;dec;2.1
1978;1;jan;0.7
1978;2;feb;-1.4
1978;3;mar;4.8
1978;4;apr;6.5
1978;5;mai;11.6
1978;6;jun;14.8
1978;7;jul;15.5
1978;8;aug;15.1
1978;9;sep;12.2
1978;10;oct;9.1
1978;11;nov;4.2
1978;12;dec;0.3
1979;1;jan;-4.5
1979;2;feb;-1.8
1979;3;mar;3.7
1979;4;apr;6.3
1979;5;mai;12.4
1979;6;jun;16.5
1979;7;jul;15.3
1979;8;aug;15.5
1979;9;sep;13.1
1979;10;oct;8.6
1979;11;nov;3.7
1979;12;dec;3.8
1980;1;jan;-2.7
1980;2;feb;2.1
1980;3;mar;3.3
1980;4;apr;6
1980;5;mai;10.7
1980;6;jun;14.7
1980;7;jul;15.1
1980;8;aug;16.6
1980;9;sep;13.9
1980;10;oct;8
1980;11;nov;3
1980;12;dec;0.7
1981;1;jan;-1.5
1981;2;feb;-0.4
1981;3;mar;6.8
1981;4;apr;7.8
1981;5;mai;13.2
1981;6;jun;15.3
1981;7;jul;16.3
1981;8;aug;16.4
1981;9;sep;14
1981;10;oct;8.1
1981;11;nov;4.6
1981;12;dec;-2.2
1982;1;jan;-2.3
1982;2;feb;-0.1
1982;3;mar;4.2
1982;4;apr;6.5
1982;5;mai;12.4
1982;6;jun;16.3
1982;7;jul;18.9
1982;8;aug;17.3
1982;9;sep;15.7
1982;10;oct;9.6
1982;11;nov;6
1982;12;dec;2.2
1983;1;jan;4
1983;2;feb;-1.7
1983;3;mar;4.5
1983;4;apr;8.6
1983;5;mai;11.3
1983;6;jun;16.3
1983;7;jul;20.4
1983;8;aug;18.1
1983;9;sep;13.7
1983;10;oct;9.2
1983;11;nov;3.5
1983;12;dec;0.7
1984;1;jan;1.1
1984;2;feb;-0.3
1984;3;mar;2
1984;4;apr;6.8
1984;5;mai;10.8
1984;6;jun;13.7
1984;7;jul;15.9
1984;8;aug;17
1984;9;sep;12.3
1984;10;oct;10.2
1984;11;nov;4.9
1984;12;dec;1.2
1985;1;jan;-5.5
1985;2;feb;-3.1
1985;3;mar;2.8
1985;4;apr;7.6
1985;5;mai;13.3
1985;6;jun;13.5
1985;7;jul;17.4
1985;8;aug;16.2
1985;9;sep;13.5
1985;10;oct;8.8
1985;11;nov;0.8
1985;12;dec;3.7
1986;1;jan;0.1
1986;2;feb;-6.4
1986;3;mar;3
1986;4;apr;6.3
1986;5;mai;14.1
1986;6;jun;15.9
1986;7;jul;17
1986;8;aug;16.3
1986;9;sep;11.3
1986;10;oct;9.6
1986;11;nov;5.8
1986;12;dec;2
1987;1;jan;-5.9
1987;2;feb;-0.3
1987;3;mar;-0.4
1987;4;apr;9.1
1987;5;mai;9.7
1987;6;jun;13.9
1987;7;jul;16.9
1987;8;aug;15.5
1987;9;sep;14.5
1987;10;oct;9.4
1987;11;nov;4.9
1987;12;dec;2.1
1988;1;jan;3.5
1988;2;feb;2.1
1988;3;mar;2.7
1988;4;apr;8
1988;5;mai;14.2
1988;6;jun;15
1988;7;jul;17
1988;8;aug;17
1988;9;sep;13.2
1988;10;oct;9.7
1988;11;nov;3
1988;12;dec;3.4
1989;1;jan;2.5
1989;2;feb;3.4
1989;3;mar;6.98
1989;4;apr;7.2
1989;5;mai;13.8
1989;6;jun;15.3
1989;7;jul;17.7
1989;8;aug;17
1989;9;sep;14.4
1989;10;oct;10.4
1989;11;nov;2.7
1989;12;dec;2.4
1990;1;jan;2.5
1990;2;feb;5.74
1990;3;mar;6.9
1990;4;apr;7.4
1990;5;mai;13.9
1990;6;jun;15.2
1990;7;jul;16.7
1990;8;aug;18.3
1990;9;sep;11.8
1990;10;oct;10.2
1990;11;nov;4.5
1990;12;dec;0.8
1991;1;jan;1.5
1991;2;feb;-2.4
1991;3;mar;6.4
1991;4;apr;7.1
1991;5;mai;9.5
1991;6;jun;13.5
1991;7;jul;19.2
1991;8;aug;17.9
1991;9;sep;14.7
1991;10;oct;8.2
1991;11;nov;3.9
1991;12;dec;0.7
1992;1;jan;1
1992;2;feb;2.8
1992;3;mar;4.8
1992;4;apr;7.8
1992;5;mai;14.5
1992;6;jun;17.3
1992;7;jul;18.6
1992;8;aug;19.1
1992;9;sep;13.4
1992;10;oct;6.5
1992;11;nov;5.4
1992;12;dec;1.3
1993;1;jan;2.5
1993;2;feb;-0.7
1993;3;mar;3.6
1993;4;apr;10.4
1993;5;mai;14.6
1993;6;jun;15.6
1993;7;jul;16.1
1993;8;aug;15.8
1993;9;sep;12.2
1993;10;oct;7.8
1993;11;nov;0.4
1993;12;dec;3.2
1994;1;jan;3
1994;2;feb;-0.2
1994;3;mar;6.3
1994;4;apr;7.9
1994;5;mai;12.6
1994;6;jun;15.9
1994;7;jul;21.3
1994;8;aug;17.8
1994;9;sep;13.2
1994;10;oct;7.6
1994;11;nov;7.2
1994;12;dec;3.6
1995;1;jan;0.2
1995;2;feb;4.6
1995;3;mar;3.1
1995;4;apr;8.5
1995;5;mai;12.2
1995;6;jun;14.3
1995;7;jul;20.1
1995;8;aug;18.3
1995;9;sep;12.6
1995;10;oct;11.8
1995;11;nov;3
1995;12;dec;-1.8
1996;1;jan;-2.8
1996;2;feb;-2.2
1996;3;mar;1
1996;4;apr;8.4
1996;5;mai;11.2
1996;6;jun;15.6
1996;7;jul;15.9
1996;8;aug;17.1
1996;9;sep;10.9
1996;10;oct;9.2
1996;11;nov;4.5
1996;12;dec;-2.4
1997;1;jan;-2.6
1997;2;feb;4.1
1997;3;mar;5.8
1997;4;apr;6.4
1997;5;mai;12.7
1997;6;jun;15.8
1997;7;jul;17.1
1997;8;aug;19.8
1997;9;sep;13.7
1997;10;oct;7.7
1997;11;nov;4
1997;12;dec;2.2
1998;1;jan;2.4
1998;2;feb;4.3
1998;3;mar;5
1998;4;apr;8.8
1998;5;mai;14
1998;6;jun;16.5
1998;7;jul;16.4
1998;8;aug;16.7
1998;9;sep;13.3
1998;10;oct;8.7
1998;11;nov;1.6
1998;12;dec;1
1999;1;jan;2.6
1999;2;feb;0.4
1999;3;mar;5.4
1999;4;apr;8.9
1999;5;mai;13.8
1999;6;jun;15.2
1999;7;jul;19
1999;8;aug;17.2
1999;9;sep;16.8
1999;10;oct;9
1999;11;nov;3.5
1999;12;dec;2.2
2000;1;jan;1.1
2000;2;feb;3.9
2000;3;mar;5.2
2000;4;apr;10.1
2000;5;mai;14.6
2000;6;jun;17
2000;7;jul;15.3
2000;8;aug;17.6
2000;9;sep;13.9
2000;10;oct;10.6
2000;11;nov;6.1
2000;12;dec;3.1
2001;1;jan;0.9
2001;2;feb;2.3
2001;3;mar;4.2
2001;4;apr;7.1
2001;5;mai;14.4
2001;6;jun;14.3
2001;7;jul;18.6
2001;8;aug;18.6
2001;9;sep;11.8
2001;10;oct;12.48
2001;11;nov;3.8
2001;12;dec;-0.2
2002;1;jan;1.2
2002;2;feb;5
2002;3;mar;5.4
2002;4;apr;8.1
2002;5;mai;13.8
2002;6;jun;17.4
2002;7;jul;17.7
2002;8;aug;18.8
2002;9;sep;13.1
2002;10;oct;8.3
2002;11;nov;5.6
2002;12;dec;0.3
2003;1;jan;-0.3
2003;2;feb;-1.9
2003;3;mar;5.3
2003;4;apr;8.5
2003;5;mai;14.1
2003;6;jun;19.35
2003;7;jul;19.1
2003;8;aug;20.6
2003;9;sep;13.8
2003;10;oct;5.9
2003;11;nov;6
2003;12;dec;1.8
2004;1;jan;-0.1
2004;2;feb;2.4
2004;3;mar;4.1
2004;4;apr;9.3
2004;5;mai;11.6
2004;6;jun;15.3
2004;7;jul;16.8
2004;8;aug;18.4
2004;9;sep;14
2004;10;oct;10.1
2004;11;nov;4.2
2004;12;dec;1.1
2005;1;jan;2
2005;2;feb;-1
2005;3;mar;3.6
2005;4;apr;9.3
2005;5;mai;12.8
2005;6;jun;16.4
2005;7;jul;18
2005;8;aug;15.8
2005;9;sep;15
2005;10;oct;11
2005;11;nov;4.2
2005;12;dec;0.9
2006;1;jan;-2.6
2006;2;feb;-0.4
2006;3;mar;1.5
2006;4;apr;8
2006;5;mai;13.1
2006;6;jun;16.8
2006;7;jul;21.99
2006;8;aug;15.5
2006;9;sep;16.9
2006;10;oct;12.1
2006;11;nov;7
2006;12;dec;4.4
2007;1;jan;4.76
2007;2;feb;3.9
2007;3;mar;6.2
2007;4;apr;11.5
2007;5;mai;14.2
2007;6;jun;17.4
2007;7;jul;17.2
2007;8;aug;16.9
2007;9;sep;12.6
2007;10;oct;8.3
2007;11;nov;3.7
2007;12;dec;1.6
2008;1;jan;3.6
2008;2;feb;3.7
2008;3;mar;4.2
2008;4;apr;7.6
2008;5;mai;14.5
2008;6;jun;16.9
2008;7;jul;18
2008;8;aug;17.4
2008;9;sep;12.4
2008;10;oct;9.1
2008;11;nov;5.1
2008;12;dec;1.1
2009;1;jan;-2.2
2009;2;feb;0.5
2009;3;mar;4.3
2009;4;apr;11.8
2009;5;mai;13.6
2009;6;jun;14.8
2009;7;jul;18
2009;8;aug;18.7
2009;9;sep;14.7
2009;10;oct;8.2
2009;11;nov;7.4
2009;12;dec;0.3
2010;1;jan;-3.6
2010;2;feb;-0.5
2010;3;mar;4.2
2010;4;apr;8.7
2010;5;mai;10.4
2010;6;jun;16.3
2010;7;jul;20.3
2010;8;aug;16.7
2010;9;sep;12.4
2010;10;oct;8.1
2010;11;nov;4.8
2010;12;dec;-3.7
2011;1;jan;1
2011;2;feb;0.9
2011;3;mar;4.9
2011;4;apr;11.6
2011;5;mai;13.9
2011;6;jun;16.5
2011;7;jul;16.1
2011;8;aug;17.7
2011;9;sep;15.2
2011;10;oct;9.4
2011;11;nov;4.5
2011;12;dec;3.9
2012;1;jan;1.9
2012;2;feb;-2.5
2012;3;mar;6.9
2012;4;apr;8.1
2012;5;mai;14.2
2012;6;jun;15.5
2012;7;jul;17.4
2012;8;aug;18.4
2012;9;sep;13.6
2012;10;oct;8.7
2012;11;nov;5.2
2012;12;dec;1.5
2013;1;jan;0.2
2013;2;feb;-0.7
2013;3;mar;0.1
2013;4;apr;8.1
2013;5;mai;11.8
2013;6;jun;15.7
2013;7;jul;19.5
2013;8;aug;17.9
2013;9;sep;13.3
2013;10;oct;10.6
2013;11;nov;4.6
2013;12;dec;3.6
2014;1;jan;2.1
2014;2;feb;4.3
2014;3;mar;6.9
2014;4;apr;10.8
2014;5;mai;12.4
2014;6;jun;16.1
2014;7;jul;19.3
2014;8;aug;16
2014;9;sep;14.9
2014;10;oct;11.9
2014;11;nov;6.5
2014;12;dec;2.7
2015;1;jan;2.2
2015;2;feb;0.7
2015;3;mar;5.2
2015;4;apr;8.4
2015;5;mai;12.3
2015;6;jun;15.8
2015;7;jul;19.4
2015;8;aug;19.9
2015;9;sep;13
2015;10;oct;8.4
2015;11;nov;7.5
2015;12;dec;6.5
2016;1;jan;1
2016;2;feb;3.3
2016;3;mar;4
2016;4;apr;7.9
2016;5;mai;13.7
2016;6;jun;17
2016;7;jul;18.6
2016;8;aug;17.7
2016;9;sep;16.9
2016;10;oct;8.5
2016;11;nov;3.8
2016;12;dec;2.2
2017;1;jan;-2.2
2017;2;feb;2.9
2017;3;mar;7.2
2017;4;apr;7.4
2017;5;mai;14.1
2017;6;jun;17.8
2017;7;jul;18.1
2017;8;aug;17.9
2017;9;sep;12.8
2017;10;oct;11.1
2017;11;nov;5.1
2017;12;dec;2.7
2018;1;jan;3.7
2018;2;feb;-1.9
2018;3;mar;2.4
2018;4;apr;12.3
2018;5;mai;16
2018;6;jun;17.7
2018;7;jul;20.3
2018;8;aug;19.9
2018;9;sep;15.1
2018;10;oct;10.7
2018;11;nov;5.2
2018;12;dec;3.9
