year,month,time,m,temperature
1750,1,1750.0,jan,-0.4
1750,2,1750.08333333,feb,3.3
1750,3,1750.16666667,mar,6.4
1750,4,1750.25,apr,8
1750,5,1750.33333333,may,12.2
1750,6,1750.41666667,jun,15.5
1750,7,1750.5,jul,18.5
1750,8,1750.58333333,aug,16.8
1750,9,1750.66666667,sep,13.4
1750,10,1750.75,oct,6.1
1750,11,1750.83333333,nov,NA
1750,12,1750.91666667,dec,-0.2
1751,1,1751.0,jan,-1.1
1751,2,1751.08333333,feb,-2.5
1751,3,1751.16666667,mar,5.1
1751,4,1751.25,apr,6.4
1751,5,1751.33333333,may,
1751,6,1751.41666667,jun,16.2
1751,7,1751.5,jul,17.5
1751,8,1751.58333333,aug,17.5
1751,9,1751.66666667,sep,12.5
1751,10,1751.75,oct,NA
1751,11,1751.83333333,nov,NA
1751,12,1751.91666667,dec,NA
1752,1,1752.0,jan,-1.1
1752,2,1752.08333333,feb,
1752,3,1752.16666667,mar,4.3
1752,4,1752.25,apr,7.3
1752,5,1752.33333333,may,NA
1752,6,1752.41666667,jun,NA
1752,7,1752.5,jul,NA
1752,8,1752.58333333,aug,NA
1752,9,1752.66666667,sep,NA
1752,10,1752.75,oct,8.4
1752,11,1752.83333333,nov,4.9
1752,12,1752.91666667,dec,1.6
1753,1,1753.0,jan,-3.2
1753,2,1753.08333333,feb,-0.4
1753,3,1753.16666667,mar,4.9
1753,4,1753.25,apr,8.1
1753,5,1753.33333333,may,12.4
1753,6,1753.41666667,jun,16.8
1753,7,1753.5,jul,17.7
1753,8,1753.58333333,aug,16
1753,9,1753.66666667,sep,13.9
1753,10,1753.75,oct,9
1753,11,1753.83333333,nov,2.3
1753,12,1753.91666667,dec,-1.2
1754,1,1754.0,jan,-1.7
1754,2,1754.08333333,feb,-1.7
1754,3,1754.16666667,mar,0.3
1754,4,1754.25,apr,6.9
1754,5,1754.33333333,may,13.3
1754,6,1754.41666667,jun,15.8
1754,7,1754.5,jul,16.1
1754,8,1754.58333333,aug,16.9
1754,9,1754.66666667,sep,13
1754,10,1754.75,oct,9.5
1754,11,1754.83333333,nov,4.3
1754,12,1754.91666667,dec,0.4
1755,1,1755.0,jan,-6
1755,2,1755.08333333,feb,-4.7
1755,3,1755.16666667,mar,2.3
1755,4,1755.25,apr,10.5
1755,5,1755.33333333,may,12.2
1755,6,1755.41666667,jun,18
1755,7,1755.5,jul,17.6
1755,8,1755.58333333,aug,15.7
1755,9,1755.66666667,sep,12.4
1755,10,1755.75,oct,7.8
1755,11,1755.83333333,nov,3.4
1755,12,1755.91666667,dec,1.2
1756,1,1756.0,jan,1.7
1756,2,1756.08333333,feb,2.2
1756,3,1756.16666667,mar,4
1756,4,1756.25,apr,6.5
1756,5,1756.33333333,may,11.6
1756,6,1756.41666667,jun,18
1756,7,1756.5,jul,18.4
1756,8,1756.58333333,aug,16.2
1756,9,1756.66666667,sep,14.6
1756,10,1756.75,oct,8.3
1756,11,1756.83333333,nov,1.6
1756,12,1756.91666667,dec,-2.1
1757,1,1757.0,jan,-3
1757,2,1757.08333333,feb,0.7
1757,3,1757.16666667,mar,3.6
1757,4,1757.25,apr,8.6
1757,5,1757.33333333,may,12.2
1757,6,1757.41666667,jun,17.3
1757,7,1757.5,jul,20.9
1757,8,1757.58333333,aug,17.4
1757,9,1757.66666667,sep,12.2
1757,10,1757.75,oct,4.5
1757,11,1757.83333333,nov,4.2
1757,12,1757.91666667,dec,-1.3
1758,1,1758.0,jan,-4.6
1758,2,1758.08333333,feb,-0.5
1758,3,1758.16666667,mar,3.3
1758,4,1758.25,apr,6.3
1758,5,1758.33333333,may,13.9
1758,6,1758.41666667,jun,16.7
1758,7,1758.5,jul,15.5
1758,8,1758.58333333,aug,17.1
1758,9,1758.66666667,sep,11.8
1758,10,1758.75,oct,6.5
1758,11,1758.83333333,nov,3.93
1758,12,1758.91666667,dec,0.6
1759,1,1759.0,jan,1.4
1759,2,1759.08333333,feb,2.1
1759,3,1759.16666667,mar,4.3
1759,4,1759.25,apr,7.7
1759,5,1759.33333333,may,11.6
1759,6,1759.41666667,jun,16.7
1759,7,1759.5,jul,19.5
1759,8,1759.58333333,aug,17.5
1759,9,1759.66666667,sep,13.5
1759,10,1759.75,oct,9.3
1759,11,1759.83333333,nov,0.5
1759,12,1759.91666667,dec,-3.1
1760,1,1760.0,jan,-2.8
1760,2,1760.08333333,feb,-0.9
1760,3,1760.16666667,mar,2.1
1760,4,1760.25,apr,8.2
1760,5,1760.33333333,may,12.8
1760,6,1760.41666667,jun,16.9
1760,7,1760.5,jul,17.7
1760,8,1760.58333333,aug,16.8
1760,9,1760.66666667,sep,14.6
1760,10,1760.75,oct,8.6
1760,11,1760.83333333,nov,3.8
1760,12,1760.91666667,dec,2.9
1761,1,1761.0,jan,-1.6
1761,2,1761.08333333,feb,1.7
1761,3,1761.16666667,mar,5
1761,4,1761.25,apr,7.1
1761,5,1761.33333333,may,13.3
1761,6,1761.41666667,jun,16.6
1761,7,1761.5,jul,16.2
1761,8,1761.58333333,aug,17.7
1761,9,1761.66666667,sep,14.2
1761,10,1761.75,oct,6.1
1761,11,1761.83333333,nov,3
1761,12,1761.91666667,dec,-3.3
1762,1,1762.0,jan,0.4
1762,2,1762.08333333,feb,-0.6
1762,3,1762.16666667,mar,0.1
1762,4,1762.25,apr,9.6
1762,5,1762.33333333,may,12.9
1762,6,1762.41666667,jun,15.7
1762,7,1762.5,jul,17.3
1762,8,1762.58333333,aug,14.9
1762,9,1762.66666667,sep,12.6
1762,10,1762.75,oct,5.9
1762,11,1762.83333333,nov,2
1762,12,1762.91666667,dec,-3.3
1763,1,1763.0,jan,-6.7
1763,2,1763.08333333,feb,2.1
1763,3,1763.16666667,mar,1.5
1763,4,1763.25,apr,6.5
1763,5,1763.33333333,may,10.6
1763,6,1763.41666667,jun,15.5
1763,7,1763.5,jul,17
1763,8,1763.58333333,aug,17.4
1763,9,1763.66666667,sep,11.7
1763,10,1763.75,oct,6.4
1763,11,1763.83333333,nov,3
1763,12,1763.91666667,dec,2.1
1764,1,1764.0,jan,2.1
1764,2,1764.08333333,feb,2.6
1764,3,1764.16666667,mar,1.6
1764,4,1764.25,apr,6.5
1764,5,1764.33333333,may,13.8
1764,6,1764.41666667,jun,15.8
1764,7,1764.5,jul,18.3
1764,8,1764.58333333,aug,15.2
1764,9,1764.66666667,sep,10.9
1764,10,1764.75,oct,6.5
1764,11,1764.83333333,nov,2.3
1764,12,1764.91666667,dec,-0.9
1765,1,1765.0,jan,0.4
1765,2,1765.08333333,feb,-3.5
1765,3,1765.16666667,mar,4.7
1765,4,1765.25,apr,7.9
1765,5,1765.33333333,may,10.7
1765,6,1765.41666667,jun,15.9
1765,7,1765.5,jul,15.1
1765,8,1765.58333333,aug,16.9
1765,9,1765.66666667,sep,12.1
1765,10,1765.75,oct,9
1765,11,1765.83333333,nov,2.7
1765,12,1765.91666667,dec,-1.3
1766,1,1766.0,jan,-4.3
1766,2,1766.08333333,feb,-1.7
1766,3,1766.16666667,mar,3
1766,4,1766.25,apr,9.1
1766,5,1766.33333333,may,12.8
1766,6,1766.41666667,jun,15.7
1766,7,1766.5,jul,16.3
1766,8,1766.58333333,aug,16.5
1766,9,1766.66666667,sep,13.5
1766,10,1766.75,oct,7.9
1766,11,1766.83333333,nov,3.2
1766,12,1766.91666667,dec,-1.3
1767,1,1767.0,jan,-7.2
1767,2,1767.08333333,feb,2.7
1767,3,1767.16666667,mar,2.7
1767,4,1767.25,apr,5.6
1767,5,1767.33333333,may,10.4
1767,6,1767.41666667,jun,14.1
1767,7,1767.5,jul,16.3
1767,8,1767.58333333,aug,16.9
1767,9,1767.66666667,sep,13.4
1767,10,1767.75,oct,8.5
1767,11,1767.83333333,nov,5.6
1767,12,1767.91666667,dec,-2.3
1768,1,1768.0,jan,-5
1768,2,1768.08333333,feb,-0.3
1768,3,1768.16666667,mar,1.1
1768,4,1768.25,apr,7.1
1768,5,1768.33333333,may,11.9
1768,6,1768.41666667,jun,15.4
1768,7,1768.5,jul,17.1
1768,8,1768.58333333,aug,16.4
1768,9,1768.66666667,sep,11.6
1768,10,1768.75,oct,7.7
1768,11,1768.83333333,nov,4.1
1768,12,1768.91666667,dec,0.3
1769,1,1769.0,jan,-0.3
1769,2,1769.08333333,feb,-0.3
1769,3,1769.16666667,mar,2.4
1769,4,1769.25,apr,7.7
1769,5,1769.33333333,may,11.6
1769,6,1769.41666667,jun,14.4
1769,7,1769.5,jul,16.7
1769,8,1769.58333333,aug,15.8
1769,9,1769.66666667,sep,13.3
1769,10,1769.75,oct,4.6
1769,11,1769.83333333,nov,3.8
1769,12,1769.91666667,dec,0.6
1770,1,1770.0,jan,-1.6
1770,2,1770.08333333,feb,-0.5
1770,3,1770.16666667,mar,0
1770,4,1770.25,apr,4.9
1770,5,1770.33333333,may,11.7
1770,6,1770.41666667,jun,14.6
1770,7,1770.5,jul,16
1770,8,1770.58333333,aug,17
1770,9,1770.66666667,sep,14.6
1770,10,1770.75,oct,8.1
1770,11,1770.83333333,nov,3.6
1770,12,1770.91666667,dec,1.8
1771,1,1771.0,jan,-2.4
1771,2,1771.08333333,feb,-2.5
1771,3,1771.16666667,mar,-0.5
1771,4,1771.25,apr,3.5
1771,5,1771.33333333,may,14.2
1771,6,1771.41666667,jun,15
1771,7,1771.5,jul,16.4
1771,8,1771.58333333,aug,15
1771,9,1771.66666667,sep,12.8
1771,10,1771.75,oct,8.6
1771,11,1771.83333333,nov,1.8
1771,12,1771.91666667,dec,1.4
1772,1,1772.0,jan,-1.8
1772,2,1772.08333333,feb,0.8
1772,3,1772.16666667,mar,3.6
1772,4,1772.25,apr,6.2
1772,5,1772.33333333,may,10
1772,6,1772.41666667,jun,16.8
1772,7,1772.5,jul,16.5
1772,8,1772.58333333,aug,16.4
1772,9,1772.66666667,sep,14.2
1772,10,1772.75,oct,10.6
1772,11,1772.83333333,nov,5.5
1772,12,1772.91666667,dec,1
1773,1,1773.0,jan,1.1
1773,2,1773.08333333,feb,-2.2
1773,3,1773.16666667,mar,2.5
1773,4,1773.25,apr,7.4
1773,5,1773.33333333,may,12.7
1773,6,1773.41666667,jun,15
1773,7,1773.5,jul,15.9
1773,8,1773.58333333,aug,16.9
1773,9,1773.66666667,sep,13.7
1773,10,1773.75,oct,9.9
1773,11,1773.83333333,nov,3.7
1773,12,1773.91666667,dec,2.2
1774,1,1774.0,jan,-1.4
1774,2,1774.08333333,feb,0.9
1774,3,1774.16666667,mar,5.1
1774,4,1774.25,apr,8.8
1774,5,1774.33333333,may,12.1
1774,6,1774.41666667,jun,16.3
1774,7,1774.5,jul,16.3
1774,8,1774.58333333,aug,16.7
1774,9,1774.66666667,sep,11.9
1774,10,1774.75,oct,8
1774,11,1774.83333333,nov,-0.6
1774,12,1774.91666667,dec,-2.2
1775,1,1775.0,jan,-1.4
1775,2,1775.08333333,feb,2.9
1775,3,1775.16666667,mar,4.2
1775,4,1775.25,apr,6.3
1775,5,1775.33333333,may,10.6
1775,6,1775.41666667,jun,17.6
1775,7,1775.5,jul,17.3
1775,8,1775.58333333,aug,17.8
1775,9,1775.66666667,sep,14.7
1775,10,1775.75,oct,8.8
1775,11,1775.83333333,nov,2
1775,12,1775.91666667,dec,-0.3
1776,1,1776.0,jan,-7.9
1776,2,1776.08333333,feb,1.3
1776,3,1776.16666667,mar,4
1776,4,1776.25,apr,7.1
1776,5,1776.33333333,may,10.1
1776,6,1776.41666667,jun,15.5
1776,7,1776.5,jul,17.5
1776,8,1776.58333333,aug,16.7
1776,9,1776.66666667,sep,12.2
1776,10,1776.75,oct,7.5
1776,11,1776.83333333,nov,2.5
1776,12,1776.91666667,dec,-1.4
1777,1,1777.0,jan,-3.1
1777,2,1777.08333333,feb,-2.6
1777,3,1777.16666667,mar,3.3
1777,4,1777.25,apr,5.1
1777,5,1777.33333333,may,12
1777,6,1777.41666667,jun,14.7
1777,7,1777.5,jul,15.7
1777,8,1777.58333333,aug,16.8
1777,9,1777.66666667,sep,12.3
1777,10,1777.75,oct,8.3
1777,11,1777.83333333,nov,4.3
1777,12,1777.91666667,dec,-1.3
1778,1,1778.0,jan,-1.6
1778,2,1778.08333333,feb,-1.9
1778,3,1778.16666667,mar,2.8
1778,4,1778.25,apr,9
1778,5,1778.33333333,may,13
1778,6,1778.41666667,jun,15.8
1778,7,1778.5,jul,19
1778,8,1778.58333333,aug,17.7
1778,9,1778.66666667,sep,11.7
1778,10,1778.75,oct,6.9
1778,11,1778.83333333,nov,4.4
1778,12,1778.91666667,dec,3.7
1779,1,1779.0,jan,-3.9
1779,2,1779.08333333,feb,2.8
1779,3,1779.16666667,mar,4.8
1779,4,1779.25,apr,10
1779,5,1779.33333333,may,13.5
1779,6,1779.41666667,jun,14.8
1779,7,1779.5,jul,16.9
1779,8,1779.58333333,aug,17.9
1779,9,1779.66666667,sep,14.8
1779,10,1779.75,oct,10.4
1779,11,1779.83333333,nov,4.1
1779,12,1779.91666667,dec,2.8
1780,1,1780.0,jan,-3.8
1780,2,1780.08333333,feb,-3
1780,3,1780.16666667,mar,5.8
1780,4,1780.25,apr,5.8
1780,5,1780.33333333,may,12.9
1780,6,1780.41666667,jun,15.1
1780,7,1780.5,jul,16.7
1780,8,1780.58333333,aug,17.9
1780,9,1780.66666667,sep,13.1
1780,10,1780.75,oct,9.4
1780,11,1780.83333333,nov,3
1780,12,1780.91666667,dec,-2
1781,1,1781.0,jan,-2.3
1781,2,1781.08333333,feb,0.7
1781,3,1781.16666667,mar,4.1
1781,4,1781.25,apr,9.1
1781,5,1781.33333333,may,13.2
1781,6,1781.41666667,jun,17.6
1781,7,1781.5,jul,17.6
1781,8,1781.58333333,aug,19.1
1781,9,1781.66666667,sep,14.8
1781,10,1781.75,oct,7.7
1781,11,1781.83333333,nov,4
1781,12,1781.91666667,dec,0
1782,1,1782.0,jan,1.3
1782,2,1782.08333333,feb,-4.2
1782,3,1782.16666667,mar,2
1782,4,1782.25,apr,6.2
1782,5,1782.33333333,may,11.6
1782,6,1782.41666667,jun,16.8
1782,7,1782.5,jul,18.4
1782,8,1782.58333333,aug,16.5
1782,9,1782.66666667,sep,13.7
1782,10,1782.75,oct,6.5
1782,11,1782.83333333,nov,0.4
1782,12,1782.91666667,dec,-0.9
1783,1,1783.0,jan,1.7
1783,2,1783.08333333,feb,3
1783,3,1783.16666667,mar,1.7
1783,4,1783.25,apr,8.3
1783,5,1783.33333333,may,13.1
1783,6,1783.41666667,jun,16.9
1783,7,1783.5,jul,19.1
1783,8,1783.58333333,aug,17.5
1783,9,1783.66666667,sep,14.3
1783,10,1783.75,oct,9.3
1783,11,1783.83333333,nov,3.3
1783,12,1783.91666667,dec,-3
1784,1,1784.0,jan,-6.1
1784,2,1784.08333333,feb,-3.5
1784,3,1784.16666667,mar,1
1784,4,1784.25,apr,4.8
1784,5,1784.33333333,may,14.1
1784,6,1784.41666667,jun,16.1
1784,7,1784.5,jul,16.9
1784,8,1784.58333333,aug,16.1
1784,9,1784.66666667,sep,14.6
1784,10,1784.75,oct,5.1
1784,11,1784.83333333,nov,4
1784,12,1784.91666667,dec,-1.5
1785,1,1785.0,jan,-2.1
1785,2,1785.08333333,feb,-3
1785,3,1785.16666667,mar,-3.7
1785,4,1785.25,apr,4.3
1785,5,1785.33333333,may,11.5
1785,6,1785.41666667,jun,14.6
1785,7,1785.5,jul,16.1
1785,8,1785.58333333,aug,15.6
1785,9,1785.66666667,sep,14.9
1785,10,1785.75,oct,7.8
1785,11,1785.83333333,nov,3.7
1785,12,1785.91666667,dec,-0.5
1786,1,1786.0,jan,-1
1786,2,1786.08333333,feb,-0.1
1786,3,1786.16666667,mar,0.2
1786,4,1786.25,apr,8.7
1786,5,1786.33333333,may,11.2
1786,6,1786.41666667,jun,16.4
1786,7,1786.5,jul,14.9
1786,8,1786.58333333,aug,15.2
1786,9,1786.66666667,sep,11.7
1786,10,1786.75,oct,5.8
1786,11,1786.83333333,nov,-0.3
1786,12,1786.91666667,dec,-0.2
1787,1,1787.0,jan,-2.8
1787,2,1787.08333333,feb,1.2
1787,3,1787.16666667,mar,4.2
1787,4,1787.25,apr,6
1787,5,1787.33333333,may,10.4
1787,6,1787.41666667,jun,16.1
1787,7,1787.5,jul,16.1
1787,8,1787.58333333,aug,16.6
1787,9,1787.66666667,sep,12.6
1787,10,1787.75,oct,9.7
1787,11,1787.83333333,nov,3.5
1787,12,1787.91666667,dec,2.2
1788,1,1788.0,jan,0.5
1788,2,1788.08333333,feb,-0.1
1788,3,1788.16666667,mar,2.2
1788,4,1788.25,apr,7.6
1788,5,1788.33333333,may,12.9
1788,6,1788.41666667,jun,16.8
1788,7,1788.5,jul,18.7
1788,8,1788.58333333,aug,15.5
1788,9,1788.66666667,sep,14.4
1788,10,1788.75,oct,7.8
1788,11,1788.83333333,nov,1.2
1788,12,1788.91666667,dec,-9.8
1789,1,1789.0,jan,-4
1789,2,1789.08333333,feb,1.7
1789,3,1789.16666667,mar,-1.7
1789,4,1789.25,apr,7.4
1789,5,1789.33333333,may,14.2
1789,6,1789.41666667,jun,14.6
1789,7,1789.5,jul,16.6
1789,8,1789.58333333,aug,16.6
1789,9,1789.66666667,sep,13.3
1789,10,1789.75,oct,8
1789,11,1789.83333333,nov,2.7
1789,12,1789.91666667,dec,1.5
1790,1,1790.0,jan,0.1
1790,2,1790.08333333,feb,2.6
1790,3,1790.16666667,mar,3.7
1790,4,1790.25,apr,5.5
1790,5,1790.33333333,may,13.8
1790,6,1790.41666667,jun,16
1790,7,1790.5,jul,15.3
1790,8,1790.58333333,aug,16.3
1790,9,1790.66666667,sep,11.9
1790,10,1790.75,oct,7.9
1790,11,1790.83333333,nov,2.1
1790,12,1790.91666667,dec,1.4
1791,1,1791.0,jan,2.2
1791,2,1791.08333333,feb,0.7
1791,3,1791.16666667,mar,3.8
1791,4,1791.25,apr,9.3
1791,5,1791.33333333,may,11.3
1791,6,1791.41666667,jun,14.9
1791,7,1791.5,jul,16.6
1791,8,1791.58333333,aug,17.7
1791,9,1791.66666667,sep,12.2
1791,10,1791.75,oct,7.9
1791,11,1791.83333333,nov,1.6
1791,12,1791.91666667,dec,0.3
1792,1,1792.0,jan,-0.9
1792,2,1792.08333333,feb,-1.5
1792,3,1792.16666667,mar,3.2
1792,4,1792.25,apr,8.8
1792,5,1792.33333333,may,11.1
1792,6,1792.41666667,jun,15.5
1792,7,1792.5,jul,17.4
1792,8,1792.58333333,aug,17.2
1792,9,1792.66666667,sep,11.8
1792,10,1792.75,oct,7.5
1792,11,1792.83333333,nov,2.6
1792,12,1792.91666667,dec,0.6
1793,1,1793.0,jan,-2.7
1793,2,1793.08333333,feb,1.8
1793,3,1793.16666667,mar,2.4
1793,4,1793.25,apr,5.5
1793,5,1793.33333333,may,10.9
1793,6,1793.41666667,jun,13.8
1793,7,1793.5,jul,18.4
1793,8,1793.58333333,aug,17.1
1793,9,1793.66666667,sep,12.1
1793,10,1793.75,oct,9.7
1793,11,1793.83333333,nov,3.5
1793,12,1793.91666667,dec,1.8
1794,1,1794.0,jan,-0.8
1794,2,1794.08333333,feb,2.8
1794,3,1794.16666667,mar,5.8
1794,4,1794.25,apr,10.9
1794,5,1794.33333333,may,12.4
1794,6,1794.41666667,jun,16.5
1794,7,1794.5,jul,19.7
1794,8,1794.58333333,aug,15.9
1794,9,1794.66666667,sep,11.6
1794,10,1794.75,oct,7.9
1794,11,1794.83333333,nov,3.9
1794,12,1794.91666667,dec,-2.8
1795,1,1795.0,jan,-8.3
1795,2,1795.08333333,feb,-1.1
1795,3,1795.16666667,mar,1.8
1795,4,1795.25,apr,9.5
1795,5,1795.33333333,may,11.2
1795,6,1795.41666667,jun,16.5
1795,7,1795.5,jul,14.9
1795,8,1795.58333333,aug,16.8
1795,9,1795.66666667,sep,14.4
1795,10,1795.75,oct,11.5
1795,11,1795.83333333,nov,2.5
1795,12,1795.91666667,dec,3
1796,1,1796.0,jan,4.2
1796,2,1796.08333333,feb,1.1
1796,3,1796.16666667,mar,0
1796,4,1796.25,apr,6.9
1796,5,1796.33333333,may,12.9
1796,6,1796.41666667,jun,15.2
1796,7,1796.5,jul,16.6
1796,8,1796.58333333,aug,17.4
1796,9,1796.66666667,sep,14.9
1796,10,1796.75,oct,7.9
1796,11,1796.83333333,nov,2.6
1796,12,1796.91666667,dec,-2.8
1797,1,1797.0,jan,-0.1
1797,2,1797.08333333,feb,0.5
1797,3,1797.16666667,mar,1.9
1797,4,1797.25,apr,8.9
1797,5,1797.33333333,may,14.1
1797,6,1797.41666667,jun,14.5
1797,7,1797.5,jul,18.7
1797,8,1797.58333333,aug,17.9
1797,9,1797.66666667,sep,14.1
1797,10,1797.75,oct,8.5
1797,11,1797.83333333,nov,3.2
1797,12,1797.91666667,dec,1.6
1798,1,1798.0,jan,-0.1
1798,2,1798.08333333,feb,1.5
1798,3,1798.16666667,mar,2.7
1798,4,1798.25,apr,8.7
1798,5,1798.33333333,may,13.3
1798,6,1798.41666667,jun,16.6
1798,7,1798.5,jul,17
1798,8,1798.58333333,aug,17.5
1798,9,1798.66666667,sep,14.3
1798,10,1798.75,oct,8.3
1798,11,1798.83333333,nov,2.7
1798,12,1798.91666667,dec,-4.4
1799,1,1799.0,jan,-5.9
1799,2,1799.08333333,feb,-2.5
1799,3,1799.16666667,mar,0.8
1799,4,1799.25,apr,5.3
1799,5,1799.33333333,may,10.3
1799,6,1799.41666667,jun,13.8
1799,7,1799.5,jul,15.7
1799,8,1799.58333333,aug,16.4
1799,9,1799.66666667,sep,12.5
1799,10,1799.75,oct,7.7
1799,11,1799.83333333,nov,3.3
1799,12,1799.91666667,dec,-5.2
1800,1,1800.0,jan,-1.7
1800,2,1800.08333333,feb,-2.4
1800,3,1800.16666667,mar,-1.2
1800,4,1800.25,apr,12
1800,5,1800.33333333,may,14.6
1800,6,1800.41666667,jun,12.9
1800,7,1800.5,jul,15.7
1800,8,1800.58333333,aug,17.6
1800,9,1800.66666667,sep,13.9
1800,10,1800.75,oct,7.5
1800,11,1800.83333333,nov,4.6
1800,12,1800.91666667,dec,-0.6
1801,1,1801.0,jan,0.4
1801,2,1801.08333333,feb,-1.1
1801,3,1801.16666667,mar,4.5
1801,4,1801.25,apr,7.6
1801,5,1801.33333333,may,14.1
1801,6,1801.41666667,jun,13.9
1801,7,1801.5,jul,16.1
1801,8,1801.58333333,aug,16
1801,9,1801.66666667,sep,14.2
1801,10,1801.75,oct,9.6
1801,11,1801.83333333,nov,3.4
1801,12,1801.91666667,dec,0.5
1802,1,1802.0,jan,-4.1
1802,2,1802.08333333,feb,-0.6
1802,3,1802.16666667,mar,3.2
1802,4,1802.25,apr,7.9
1802,5,1802.33333333,may,10.9
1802,6,1802.41666667,jun,15.6
1802,7,1802.5,jul,15.5
1802,8,1802.58333333,aug,18.5
1802,9,1802.66666667,sep,13.3
1802,10,1802.75,oct,10.6
1802,11,1802.83333333,nov,3.8
1802,12,1802.91666667,dec,0.9
1803,1,1803.0,jan,-6.4
1803,2,1803.08333333,feb,-4.1
1803,3,1803.16666667,mar,1.8
1803,4,1803.25,apr,9.7
1803,5,1803.33333333,may,9.7
1803,6,1803.41666667,jun,14.3
1803,7,1803.5,jul,18.1
1803,8,1803.58333333,aug,17.4
1803,9,1803.66666667,sep,10.7
1803,10,1803.75,oct,7.3
1803,11,1803.83333333,nov,3.5
1803,12,1803.91666667,dec,0
1804,1,1804.0,jan,2.2
1804,2,1804.08333333,feb,-1.8
1804,3,1804.16666667,mar,-0.2
1804,4,1804.25,apr,6.4
1804,5,1804.33333333,may,13.3
1804,6,1804.41666667,jun,15.6
1804,7,1804.5,jul,16.6
1804,8,1804.58333333,aug,15.8
1804,9,1804.66666667,sep,14.1
1804,10,1804.75,oct,8.3
1804,11,1804.83333333,nov,0.9
1804,12,1804.91666667,dec,-4.2
1805,1,1805.0,jan,-4.6
1805,2,1805.08333333,feb,-1.6
1805,3,1805.16666667,mar,1.4
1805,4,1805.25,apr,5.3
1805,5,1805.33333333,may,9.6
1805,6,1805.41666667,jun,13.3
1805,7,1805.5,jul,14.9
1805,8,1805.58333333,aug,14.8
1805,9,1805.66666667,sep,13.3
1805,10,1805.75,oct,4.3
1805,11,1805.83333333,nov,0
1805,12,1805.91666667,dec,-0.2
1806,1,1806.0,jan,1.9
1806,2,1806.08333333,feb,1.4
1806,3,1806.16666667,mar,2.6
1806,4,1806.25,apr,4.5
1806,5,1806.33333333,may,14
1806,6,1806.41666667,jun,14.4
1806,7,1806.5,jul,15.8
1806,8,1806.58333333,aug,15.9
1806,9,1806.66666667,sep,13.5
1806,10,1806.75,oct,7.5
1806,11,1806.83333333,nov,4.9
1806,12,1806.91666667,dec,4.2
1807,1,1807.0,jan,-1.2
1807,2,1807.08333333,feb,1.2
1807,3,1807.16666667,mar,-0.4
1807,4,1807.25,apr,5.8
1807,5,1807.33333333,may,13.2
1807,6,1807.41666667,jun,14.5
1807,7,1807.5,jul,18.4
1807,8,1807.58333333,aug,20.7
1807,9,1807.66666667,sep,11.4
1807,10,1807.75,oct,9.2
1807,11,1807.83333333,nov,3.8
1807,12,1807.91666667,dec,-0.2
1808,1,1808.0,jan,-1.3
1808,2,1808.08333333,feb,-1.7
1808,3,1808.16666667,mar,-2.1
1808,4,1808.25,apr,4.9
1808,5,1808.33333333,may,14.3
1808,6,1808.41666667,jun,14.8
1808,7,1808.5,jul,18.5
1808,8,1808.58333333,aug,18.1
1808,9,1808.66666667,sep,13.2
1808,10,1808.75,oct,6.2
1808,11,1808.83333333,nov,2.2
1808,12,1808.91666667,dec,-4.9
1809,1,1809.0,jan,-3.2
1809,2,1809.08333333,feb,2.3
1809,3,1809.16666667,mar,1.9
1809,4,1809.25,apr,3.6
1809,5,1809.33333333,may,13.3
1809,6,1809.41666667,jun,14.6
1809,7,1809.5,jul,16.2
1809,8,1809.58333333,aug,16.6
1809,9,1809.66666667,sep,12.6
1809,10,1809.75,oct,6.4
1809,11,1809.83333333,nov,1.8
1809,12,1809.91666667,dec,1.3
1810,1,1810.0,jan,-4.4
1810,2,1810.08333333,feb,-2.6
1810,3,1810.16666667,mar,3.4
1810,4,1810.25,apr,6.4
1810,5,1810.33333333,may,10.9
1810,6,1810.41666667,jun,13.5
1810,7,1810.5,jul,16.2
1810,8,1810.58333333,aug,16.1
1810,9,1810.66666667,sep,14.9
1810,10,1810.75,oct,7.5
1810,11,1810.83333333,nov,3.4
1810,12,1810.91666667,dec,1.4
1811,1,1811.0,jan,-5.6
1811,2,1811.08333333,feb,0
1811,3,1811.16666667,mar,4.8
1811,4,1811.25,apr,6.9
1811,5,1811.33333333,may,15.7
1811,6,1811.41666667,jun,18.3
1811,7,1811.5,jul,18.4
1811,8,1811.58333333,aug,16.6
1811,9,1811.66666667,sep,12.9
1811,10,1811.75,oct,11.5
1811,11,1811.83333333,nov,4.5
1811,12,1811.91666667,dec,0.4
1812,1,1812.0,jan,-3.6
1812,2,1812.08333333,feb,0.7
1812,3,1812.16666667,mar,1.8
1812,4,1812.25,apr,5.2
1812,5,1812.33333333,may,12.4
1812,6,1812.41666667,jun,14.9
1812,7,1812.5,jul,15
1812,8,1812.58333333,aug,15.5
1812,9,1812.66666667,sep,11.8
1812,10,1812.75,oct,9.3
1812,11,1812.83333333,nov,1
1812,12,1812.91666667,dec,-5.6
1813,1,1813.0,jan,-3.9
1813,2,1813.08333333,feb,2.1
1813,3,1813.16666667,mar,2.2
1813,4,1813.25,apr,8.3
1813,5,1813.33333333,may,12.5
1813,6,1813.41666667,jun,14
1813,7,1813.5,jul,15.4
1813,8,1813.58333333,aug,14.7
1813,9,1813.66666667,sep,11.7
1813,10,1813.75,oct,7.3
1813,11,1813.83333333,nov,2.5
1813,12,1813.91666667,dec,-0.5
1814,1,1814.0,jan,-4.2
1814,2,1814.08333333,feb,-5.9
1814,3,1814.16666667,mar,0
1814,4,1814.25,apr,9.1
1814,5,1814.33333333,may,9.5
1814,6,1814.41666667,jun,13.3
1814,7,1814.5,jul,17.5
1814,8,1814.58333333,aug,15.6
1814,9,1814.66666667,sep,10.9
1814,10,1814.75,oct,6.5
1814,11,1814.83333333,nov,3.5
1814,12,1814.91666667,dec,1.6
1815,1,1815.0,jan,-4.9
1815,2,1815.08333333,feb,2
1815,3,1815.16666667,mar,5
1815,4,1815.25,apr,7.7
1815,5,1815.33333333,may,12.9
1815,6,1815.41666667,jun,15.3
1815,7,1815.5,jul,14.6
1815,8,1815.58333333,aug,15.1
1815,9,1815.66666667,sep,12
1815,10,1815.75,oct,8.4
1815,11,1815.83333333,nov,1.5
1815,12,1815.91666667,dec,-2.6
1816,1,1816.0,jan,-0.7
1816,2,1816.08333333,feb,-2.2
1816,3,1816.16666667,mar,1.8
1816,4,1816.25,apr,7
1816,5,1816.33333333,may,10.2
1816,6,1816.41666667,jun,13.3
1816,7,1816.5,jul,14.7
1816,8,1816.58333333,aug,14.1
1816,9,1816.66666667,sep,11.7
1816,10,1816.75,oct,7.3
1816,11,1816.83333333,nov,0.9
1816,12,1816.91666667,dec,-1.2
1817,1,1817.0,jan,1.5
1817,2,1817.08333333,feb,3.1
1817,3,1817.16666667,mar,2.6
1817,4,1817.25,apr,3.3
1817,5,1817.33333333,may,11.3
1817,6,1817.41666667,jun,16.8
1817,7,1817.5,jul,15.7
1817,8,1817.58333333,aug,15.7
1817,9,1817.66666667,sep,14.4
1817,10,1817.75,oct,5
1817,11,1817.83333333,nov,4.9
1817,12,1817.91666667,dec,-0.8
1818,1,1818.0,jan,0.7
1818,2,1818.08333333,feb,0.2
1818,3,1818.16666667,mar,3.4
1818,4,1818.25,apr,8.1
1818,5,1818.33333333,may,10.9
1818,6,1818.41666667,jun,16.4
1818,7,1818.5,jul,17.5
1818,8,1818.58333333,aug,15.6
1818,9,1818.66666667,sep,12.9
1818,10,1818.75,oct,7.8
1818,11,1818.83333333,nov,4.2
1818,12,1818.91666667,dec,-1.9
1819,1,1819.0,jan,0.3
1819,2,1819.08333333,feb,1.5
1819,3,1819.16666667,mar,3.9
1819,4,1819.25,apr,8.7
1819,5,1819.33333333,may,12.8
1819,6,1819.41666667,jun,16.5
1819,7,1819.5,jul,17.8
1819,8,1819.58333333,aug,17.3
1819,9,1819.66666667,sep,13.8
1819,10,1819.75,oct,7.6
1819,11,1819.83333333,nov,2.3
1819,12,1819.91666667,dec,-2.2
1820,1,1820.0,jan,-5.2
1820,2,1820.08333333,feb,-0.4
1820,3,1820.16666667,mar,1.2
1820,4,1820.25,apr,9.2
1820,5,1820.33333333,may,13.3
1820,6,1820.41666667,jun,13.5
1820,7,1820.5,jul,15.3
1820,8,1820.58333333,aug,18.1
1820,9,1820.66666667,sep,11.8
1820,10,1820.75,oct,7.8
1820,11,1820.83333333,nov,1
1820,12,1820.91666667,dec,-2
1821,1,1821.0,jan,-0.2
1821,2,1821.08333333,feb,-2
1821,3,1821.16666667,mar,2.4
1821,4,1821.25,apr,9.8
1821,5,1821.33333333,may,11.1
1821,6,1821.41666667,jun,12.5
1821,7,1821.5,jul,14.7
1821,8,1821.58333333,aug,16.2
1821,9,1821.66666667,sep,13.9
1821,10,1821.75,oct,8.4
1821,11,1821.83333333,nov,5.9
1821,12,1821.91666667,dec,3.2
1822,1,1822.0,jan,1.2
1822,2,1822.08333333,feb,2.6
1822,3,1822.16666667,mar,6.4
1822,4,1822.25,apr,8.5
1822,5,1822.33333333,may,14.1
1822,6,1822.41666667,jun,18.1
1822,7,1822.5,jul,17.5
1822,8,1822.58333333,aug,16.5
1822,9,1822.66666667,sep,12.9
1822,10,1822.75,oct,10.1
1822,11,1822.83333333,nov,5.3
1822,12,1822.91666667,dec,-2.9
1823,1,1823.0,jan,-8.1
1823,2,1823.08333333,feb,0.3
1823,3,1823.16666667,mar,3.2
1823,4,1823.25,apr,6.3
1823,5,1823.33333333,may,13
1823,6,1823.41666667,jun,14.2
1823,7,1823.5,jul,15.4
1823,8,1823.58333333,aug,17.2
1823,9,1823.66666667,sep,13.3
1823,10,1823.75,oct,8.4
1823,11,1823.83333333,nov,3.5
1823,12,1823.91666667,dec,1.9
1824,1,1824.0,jan,0.4
1824,2,1824.08333333,feb,1.4
1824,3,1824.16666667,mar,2.3
1824,4,1824.25,apr,6.4
1824,5,1824.33333333,may,11.4
1824,6,1824.41666667,jun,14.8
1824,7,1824.5,jul,16.9
1824,8,1824.58333333,aug,16.4
1824,9,1824.66666667,sep,14.6
1824,10,1824.75,oct,8.9
1824,11,1824.83333333,nov,5.4
1824,12,1824.91666667,dec,4
1825,1,1825.0,jan,1.3
1825,2,1825.08333333,feb,0.1
1825,3,1825.16666667,mar,0.6
1825,4,1825.25,apr,8.7
1825,5,1825.33333333,may,12.3
1825,6,1825.41666667,jun,15
1825,7,1825.5,jul,16.5
1825,8,1825.58333333,aug,16.2
1825,9,1825.66666667,sep,13.8
1825,10,1825.75,oct,7.9
1825,11,1825.83333333,nov,4.8
1825,12,1825.91666667,dec,3
1826,1,1826.0,jan,-6.3
1826,2,1826.08333333,feb,0.3
1826,3,1826.16666667,mar,3.8
1826,4,1826.25,apr,7.4
1826,5,1826.33333333,may,10.7
1826,6,1826.41666667,jun,16.3
1826,7,1826.5,jul,19.2
1826,8,1826.58333333,aug,19.5
1826,9,1826.66666667,sep,13.9
1826,10,1826.75,oct,9.7
1826,11,1826.83333333,nov,2.7
1826,12,1826.91666667,dec,1.8
1827,1,1827.0,jan,-2.3
1827,2,1827.08333333,feb,-5.2
1827,3,1827.16666667,mar,4
1827,4,1827.25,apr,9.4
1827,5,1827.33333333,may,13.7
1827,6,1827.41666667,jun,16.2
1827,7,1827.5,jul,18.2
1827,8,1827.58333333,aug,15.8
1827,9,1827.66666667,sep,13.3
1827,10,1827.75,oct,9.3
1827,11,1827.83333333,nov,0.6
1827,12,1827.91666667,dec,2.5
1828,1,1828.0,jan,-1
1828,2,1828.08333333,feb,-1.3
1828,3,1828.16666667,mar,3.6
1828,4,1828.25,apr,8.3
1828,5,1828.33333333,may,12.5
1828,6,1828.41666667,jun,16.1
1828,7,1828.5,jul,17.7
1828,8,1828.58333333,aug,15.2
1828,9,1828.66666667,sep,13
1828,10,1828.75,oct,7.8
1828,11,1828.83333333,nov,3.2
1828,12,1828.91666667,dec,1.8
1829,1,1829.0,jan,-5.2
1829,2,1829.08333333,feb,-4
1829,3,1829.16666667,mar,1.2
1829,4,1829.25,apr,7.2
1829,5,1829.33333333,may,11.4
1829,6,1829.41666667,jun,14.3
1829,7,1829.5,jul,16.7
1829,8,1829.58333333,aug,14.6
1829,9,1829.66666667,sep,12
1829,10,1829.75,oct,6.6
1829,11,1829.83333333,nov,0.1
1829,12,1829.91666667,dec,-7.6
1830,1,1830.0,jan,-7.8
1830,2,1830.08333333,feb,-4.4
1830,3,1830.16666667,mar,3.5
1830,4,1830.25,apr,8.9
1830,5,1830.33333333,may,12.2
1830,6,1830.41666667,jun,14.9
1830,7,1830.5,jul,17.2
1830,8,1830.58333333,aug,15.9
1830,9,1830.66666667,sep,11.4
1830,10,1830.75,oct,7.5
1830,11,1830.83333333,nov,4.5
1830,12,1830.91666667,dec,-0.7
1831,1,1831.0,jan,-3.7
1831,2,1831.08333333,feb,0.2
1831,3,1831.16666667,mar,3.8
1831,4,1831.25,apr,9.5
1831,5,1831.33333333,may,11.5
1831,6,1831.41666667,jun,14.2
1831,7,1831.5,jul,17.3
1831,8,1831.58333333,aug,16.4
1831,9,1831.66666667,sep,11.7
1831,10,1831.75,oct,11.4
1831,11,1831.83333333,nov,3.3
1831,12,1831.91666667,dec,1
1832,1,1832.0,jan,-1.9
1832,2,1832.08333333,feb,-0.4
1832,3,1832.16666667,mar,2.4
1832,4,1832.25,apr,7.5
1832,5,1832.33333333,may,10.4
1832,6,1832.41666667,jun,14.7
1832,7,1832.5,jul,15.4
1832,8,1832.58333333,aug,17.1
1832,9,1832.66666667,sep,12
1832,10,1832.75,oct,8.3
1832,11,1832.83333333,nov,2
1832,12,1832.91666667,dec,0
1833,1,1833.0,jan,-4.8
1833,2,1833.08333333,feb,2.7
1833,3,1833.16666667,mar,1.4
1833,4,1833.25,apr,5.7
1833,5,1833.33333333,may,15.5
1833,6,1833.41666667,jun,16.9
1833,7,1833.5,jul,15.4
1833,8,1833.58333333,aug,13.5
1833,9,1833.66666667,sep,11.9
1833,10,1833.75,oct,7.9
1833,11,1833.83333333,nov,3.5
1833,12,1833.91666667,dec,4.5
1834,1,1834.0,jan,3.8
1834,2,1834.08333333,feb,0.4
1834,3,1834.16666667,mar,3.3
1834,4,1834.25,apr,6
1834,5,1834.33333333,may,14.5
1834,6,1834.41666667,jun,16.9
1834,7,1834.5,jul,19.9
1834,8,1834.58333333,aug,18.2
1834,9,1834.66666667,sep,15.1
1834,10,1834.75,oct,8.6
1834,11,1834.83333333,nov,3.2
1834,12,1834.91666667,dec,1
1835,1,1835.0,jan,0.1
1835,2,1835.08333333,feb,1.9
1835,3,1835.16666667,mar,3.1
1835,4,1835.25,apr,6.1
1835,5,1835.33333333,may,11.5
1835,6,1835.41666667,jun,15.8
1835,7,1835.5,jul,17.7
1835,8,1835.58333333,aug,16.4
1835,9,1835.66666667,sep,13.5
1835,10,1835.75,oct,7.2
1835,11,1835.83333333,nov,-0.2
1835,12,1835.91666667,dec,-2.2
1836,1,1836.0,jan,-1.4
1836,2,1836.08333333,feb,-0.1
1836,3,1836.16666667,mar,6.3
1836,4,1836.25,apr,6.9
1836,5,1836.33333333,may,9.8
1836,6,1836.41666667,jun,15.5
1836,7,1836.5,jul,16.3
1836,8,1836.58333333,aug,15.5
1836,9,1836.66666667,sep,11.7
1836,10,1836.75,oct,8.9
1836,11,1836.83333333,nov,2.8
1836,12,1836.91666667,dec,1.6
1837,1,1837.0,jan,-1.3
1837,2,1837.08333333,feb,-0.7
1837,3,1837.16666667,mar,-0.2
1837,4,1837.25,apr,4.7
1837,5,1837.33333333,may,9.5
1837,6,1837.41666667,jun,15.4
1837,7,1837.5,jul,15.2
1837,8,1837.58333333,aug,17.7
1837,9,1837.66666667,sep,11.4
1837,10,1837.75,oct,8.5
1837,11,1837.83333333,nov,3
1837,12,1837.91666667,dec,0
1838,1,1838.0,jan,-8.9
1838,2,1838.08333333,feb,-4.2
1838,3,1838.16666667,mar,2.5
1838,4,1838.25,apr,4.8
1838,5,1838.33333333,may,11.8
1838,6,1838.41666667,jun,14.9
1838,7,1838.5,jul,16.1
1838,8,1838.58333333,aug,14.5
1838,9,1838.66666667,sep,13.1
1838,10,1838.75,oct,7.6
1838,11,1838.83333333,nov,2.5
1838,12,1838.91666667,dec,-0.8
1839,1,1839.0,jan,-0.8
1839,2,1839.08333333,feb,0.5
1839,3,1839.16666667,mar,0.7
1839,4,1839.25,apr,3.9
1839,5,1839.33333333,may,11.2
1839,6,1839.41666667,jun,16.9
1839,7,1839.5,jul,17.2
1839,8,1839.58333333,aug,14.9
1839,9,1839.66666667,sep,13.3
1839,10,1839.75,oct,9.1
1839,11,1839.83333333,nov,4.6
1839,12,1839.91666667,dec,0.9
1840,1,1840.0,jan,-0.6
1840,2,1840.08333333,feb,0
1840,3,1840.16666667,mar,-0.5
1840,4,1840.25,apr,8.5
1840,5,1840.33333333,may,11.6
1840,6,1840.41666667,jun,14.9
1840,7,1840.5,jul,14.7
1840,8,1840.58333333,aug,15.7
1840,9,1840.66666667,sep,12.5
1840,10,1840.75,oct,6
1840,11,1840.83333333,nov,4.9
1840,12,1840.91666667,dec,-7
1841,1,1841.0,jan,-2.4
1841,2,1841.08333333,feb,-3.8
1841,3,1841.16666667,mar,4.2
1841,4,1841.25,apr,8.1
1841,5,1841.33333333,may,15.1
1841,6,1841.41666667,jun,14.3
1841,7,1841.5,jul,14.9
1841,8,1841.58333333,aug,15.8
1841,9,1841.66666667,sep,14.2
1841,10,1841.75,oct,9.6
1841,11,1841.83333333,nov,4
1841,12,1841.91666667,dec,2.6
1842,1,1842.0,jan,-4.7
1842,2,1842.08333333,feb,-2.4
1842,3,1842.16666667,mar,3.8
1842,4,1842.25,apr,5.8
1842,5,1842.33333333,may,12.7
1842,6,1842.41666667,jun,15.9
1842,7,1842.5,jul,15.7
1842,8,1842.58333333,aug,19
1842,9,1842.66666667,sep,12.6
1842,10,1842.75,oct,5.8
1842,11,1842.83333333,nov,0.9
1842,12,1842.91666667,dec,1.1
1843,1,1843.0,jan,0.4
1843,2,1843.08333333,feb,2.4
1843,3,1843.16666667,mar,1.8
1843,4,1843.25,apr,7
1843,5,1843.33333333,may,10.4
1843,6,1843.41666667,jun,13.3
1843,7,1843.5,jul,15.5
1843,8,1843.58333333,aug,16.7
1843,9,1843.66666667,sep,12.6
1843,10,1843.75,oct,7.9
1843,11,1843.83333333,nov,3.9
1843,12,1843.91666667,dec,2.4
1844,1,1844.0,jan,-1.5
1844,2,1844.08333333,feb,-1.6
1844,3,1844.16666667,mar,1.5
1844,4,1844.25,apr,8.3
1844,5,1844.33333333,may,11.8
1844,6,1844.41666667,jun,15.5
1844,7,1844.5,jul,14.7
1844,8,1844.58333333,aug,14
1844,9,1844.66666667,sep,13.3
1844,10,1844.75,oct,8.5
1844,11,1844.83333333,nov,4.1
1844,12,1844.91666667,dec,-4.8
1845,1,1845.0,jan,-0.9
1845,2,1845.08333333,feb,-5.4
1845,3,1845.16666667,mar,-3.7
1845,4,1845.25,apr,7.5
1845,5,1845.33333333,may,9.3
1845,6,1845.41666667,jun,16.1
1845,7,1845.5,jul,16.8
1845,8,1845.58333333,aug,14.2
1845,9,1845.66666667,sep,12.1
1845,10,1845.75,oct,8.3
1845,11,1845.83333333,nov,4.5
1845,12,1845.91666667,dec,2
1846,1,1846.0,jan,0.4
1846,2,1846.08333333,feb,2.6
1846,3,1846.16666667,mar,4.9
1846,4,1846.25,apr,7.8
1846,5,1846.33333333,may,11.9
1846,6,1846.41666667,jun,17.1
1846,7,1846.5,jul,18.5
1846,8,1846.58333333,aug,18.4
1846,9,1846.66666667,sep,14
1846,10,1846.75,oct,9.9
1846,11,1846.83333333,nov,2.2
1846,12,1846.91666667,dec,-3
1847,1,1847.0,jan,-3.4
1847,2,1847.08333333,feb,-1.6
1847,3,1847.16666667,mar,1.7
1847,4,1847.25,apr,4.8
1847,5,1847.33333333,may,13.9
1847,6,1847.41666667,jun,13.4
1847,7,1847.5,jul,17.2
1847,8,1847.58333333,aug,17.2
1847,9,1847.66666667,sep,10.7
1847,10,1847.75,oct,7.1
1847,11,1847.83333333,nov,3.3
1847,12,1847.91666667,dec,-1.5
1848,1,1848.0,jan,-8
1848,2,1848.08333333,feb,1.5
1848,3,1848.16666667,mar,4
1848,4,1848.25,apr,8.8
1848,5,1848.33333333,may,12.4
1848,6,1848.41666667,jun,16.2
1848,7,1848.5,jul,16.1
1848,8,1848.58333333,aug,15.3
1848,9,1848.66666667,sep,11.9
1848,10,1848.75,oct,8.9
1848,11,1848.83333333,nov,2.9
1848,12,1848.91666667,dec,0
1849,1,1849.0,jan,-1.5
1849,2,1849.08333333,feb,2.5
1849,3,1849.16666667,mar,1.9
1849,4,1849.25,apr,6
1849,5,1849.33333333,may,12.7
1849,6,1849.41666667,jun,15.7
1849,7,1849.5,jul,15.8
1849,8,1849.58333333,aug,14.6
1849,9,1849.66666667,sep,12.3
1849,10,1849.75,oct,8
1849,11,1849.83333333,nov,1.7
1849,12,1849.91666667,dec,-2.2
1850,1,1850.0,jan,-5.9
1850,2,1850.08333333,feb,3
1850,3,1850.16666667,mar,0.4
1850,4,1850.25,apr,7.6
1850,5,1850.33333333,may,10.9
1850,6,1850.41666667,jun,15.6
1850,7,1850.5,jul,16.1
1850,8,1850.58333333,aug,15.7
1850,9,1850.66666667,sep,10.9
1850,10,1850.75,oct,6.2
1850,11,1850.83333333,nov,4.6
1850,12,1850.91666667,dec,0.4
1851,1,1851.0,jan,0.1
1851,2,1851.08333333,feb,-0.1
1851,3,1851.16666667,mar,2.9
1851,4,1851.25,apr,7.8
1851,5,1851.33333333,may,8.7
1851,6,1851.41666667,jun,14.9
1851,7,1851.5,jul,15.4
1851,8,1851.58333333,aug,16.1
1851,9,1851.66666667,sep,10.8
1851,10,1851.75,oct,9.5
1851,11,1851.83333333,nov,0.3
1851,12,1851.91666667,dec,-0.4
1852,1,1852.0,jan,1.5
1852,2,1852.08333333,feb,1.1
1852,3,1852.16666667,mar,0.6
1852,4,1852.25,apr,4.5
1852,5,1852.33333333,may,11.9
1852,6,1852.41666667,jun,15.4
1852,7,1852.5,jul,18.7
1852,8,1852.58333333,aug,16.5
1852,9,1852.66666667,sep,12.6
1852,10,1852.75,oct,6.9
1852,11,1852.83333333,nov,6.1
1852,12,1852.91666667,dec,3.8
1853,1,1853.0,jan,2
1853,2,1853.08333333,feb,-2.6
1853,3,1853.16666667,mar,-1.8
1853,4,1853.25,apr,4.5
1853,5,1853.33333333,may,10.9
1853,6,1853.41666667,jun,15.4
1853,7,1853.5,jul,17
1853,8,1853.58333333,aug,15.9
1853,9,1853.66666667,sep,12.3
1853,10,1853.75,oct,8.7
1853,11,1853.83333333,nov,1.9
1853,12,1853.91666667,dec,-4.6
1854,1,1854.0,jan,-1
1854,2,1854.08333333,feb,-1
1854,3,1854.16666667,mar,2.8
1854,4,1854.25,apr,7.2
1854,5,1854.33333333,may,12
1854,6,1854.41666667,jun,14.3
1854,7,1854.5,jul,16.9
1854,8,1854.58333333,aug,15.4
1854,9,1854.66666667,sep,12.5
1854,10,1854.75,oct,8.2
1854,11,1854.83333333,nov,1.2
1854,12,1854.91666667,dec,2
1855,1,1855.0,jan,-3.1
1855,2,1855.08333333,feb,-4.3
1855,3,1855.16666667,mar,1.2
1855,4,1855.25,apr,5.5
1855,5,1855.33333333,may,10.1
1855,6,1855.41666667,jun,15.2
1855,7,1855.5,jul,16.1
1855,8,1855.58333333,aug,16.6
1855,9,1855.66666667,sep,12.3
1855,10,1855.75,oct,10.2
1855,11,1855.83333333,nov,1.9
1855,12,1855.91666667,dec,-4.2
1856,1,1856.0,jan,0.1
1856,2,1856.08333333,feb,1.4
1856,3,1856.16666667,mar,1
1856,4,1856.25,apr,8.2
1856,5,1856.33333333,may,10.5
1856,6,1856.41666667,jun,15.8
1856,7,1856.5,jul,14.9
1856,8,1856.58333333,aug,16.7
1856,9,1856.66666667,sep,11.7
1856,10,1856.75,oct,9
1856,11,1856.83333333,nov,0.4
1856,12,1856.91666667,dec,0.4
1857,1,1857.0,jan,-1.9
1857,2,1857.08333333,feb,-1.4
1857,3,1857.16666667,mar,2.2
1857,4,1857.25,apr,6.8
1857,5,1857.33333333,may,12.1
1857,6,1857.41666667,jun,15.9
1857,7,1857.5,jul,18.2
1857,8,1857.58333333,aug,18.4
1857,9,1857.66666667,sep,14.2
1857,10,1857.75,oct,10.3
1857,11,1857.83333333,nov,2.4
1857,12,1857.91666667,dec,1.5
1858,1,1858.0,jan,-3.1
1858,2,1858.08333333,feb,-4.6
1858,3,1858.16666667,mar,1.2
1858,4,1858.25,apr,7
1858,5,1858.33333333,may,10.2
1858,6,1858.41666667,jun,18.4
1858,7,1858.5,jul,15.9
1858,8,1858.58333333,aug,16.2
1858,9,1858.66666667,sep,14.6
1858,10,1858.75,oct,8.8
1858,11,1858.83333333,nov,-0.8
1858,12,1858.91666667,dec,0.4
1859,1,1859.0,jan,0
1859,2,1859.08333333,feb,2.2
1859,3,1859.16666667,mar,5.6
1859,4,1859.25,apr,6.9
1859,5,1859.33333333,may,12
1859,6,1859.41666667,jun,16.3
1859,7,1859.5,jul,19.8
1859,8,1859.58333333,aug,18.3
1859,9,1859.66666667,sep,12.5
1859,10,1859.75,oct,9.3
1859,11,1859.83333333,nov,2.3
1859,12,1859.91666667,dec,-2.8
1860,1,1860.0,jan,1.3
1860,2,1860.08333333,feb,-1.9
1860,3,1860.16666667,mar,1.1
1860,4,1860.25,apr,5.9
1860,5,1860.33333333,may,12.4
1860,6,1860.41666667,jun,15.2
1860,7,1860.5,jul,14.7
1860,8,1860.58333333,aug,15.1
1860,9,1860.66666667,sep,12.3
1860,10,1860.75,oct,7.5
1860,11,1860.83333333,nov,1.3
1860,12,1860.91666667,dec,-1.6
1861,1,1861.0,jan,-5.4
1861,2,1861.08333333,feb,2.4
1861,3,1861.16666667,mar,4.2
1861,4,1861.25,apr,5.5
1861,5,1861.33333333,may,9.9
1861,6,1861.41666667,jun,17
1861,7,1861.5,jul,16.9
1861,8,1861.58333333,aug,17.6
1861,9,1861.66666667,sep,12.9
1861,10,1861.75,oct,9.5
1861,11,1861.83333333,nov,3.4
1861,12,1861.91666667,dec,-0.5
1862,1,1862.0,jan,-1.8
1862,2,1862.08333333,feb,0
1862,3,1862.16666667,mar,5.4
1862,4,1862.25,apr,9.2
1862,5,1862.33333333,may,14
1862,6,1862.41666667,jun,14.6
1862,7,1862.5,jul,16.2
1862,8,1862.58333333,aug,15.8
1862,9,1862.66666667,sep,13.6
1862,10,1862.75,oct,9.9
1862,11,1862.83333333,nov,2.7
1862,12,1862.91666667,dec,0.4
1863,1,1863.0,jan,2.3
1863,2,1863.08333333,feb,1.9
1863,3,1863.16666667,mar,4.2
1863,4,1863.25,apr,7.7
1863,5,1863.33333333,may,12.2
1863,6,1863.41666667,jun,15.5
1863,7,1863.5,jul,15.7
1863,8,1863.58333333,aug,17.7
1863,9,1863.66666667,sep,12.4
1863,10,1863.75,oct,10.2
1863,11,1863.83333333,nov,3.8
1863,12,1863.91666667,dec,2.2
1864,1,1864.0,jan,-5.5
1864,2,1864.08333333,feb,-1.2
1864,3,1864.16666667,mar,4
1864,4,1864.25,apr,5.5
1864,5,1864.33333333,may,9.9
1864,6,1864.41666667,jun,14.8
1864,7,1864.5,jul,15.3
1864,8,1864.58333333,aug,14
1864,9,1864.66666667,sep,12.3
1864,10,1864.75,oct,7
1864,11,1864.83333333,nov,2.1
1864,12,1864.91666667,dec,-3.4
1865,1,1865.0,jan,-0.3
1865,2,1865.08333333,feb,-3.9
1865,3,1865.16666667,mar,-0.9
1865,4,1865.25,apr,9.8
1865,5,1865.33333333,may,15.2
1865,6,1865.41666667,jun,14.1
1865,7,1865.5,jul,18.7
1865,8,1865.58333333,aug,15.7
1865,9,1865.66666667,sep,14.5
1865,10,1865.75,oct,8.8
1865,11,1865.83333333,nov,4.7
1865,12,1865.91666667,dec,-0.1
1866,1,1866.0,jan,2.5
1866,2,1866.08333333,feb,3.2
1866,3,1866.16666667,mar,2.6
1866,4,1866.25,apr,8.8
1866,5,1866.33333333,may,9.3
1866,6,1866.41666667,jun,17.6
1866,7,1866.5,jul,15.7
1866,8,1866.58333333,aug,14.5
1866,9,1866.66666667,sep,14
1866,10,1866.75,oct,7.2
1866,11,1866.83333333,nov,3.9
1866,12,1866.91666667,dec,1.1
1867,1,1867.0,jan,-1.1
1867,2,1867.08333333,feb,4
1867,3,1867.16666667,mar,1.4
1867,4,1867.25,apr,7.5
1867,5,1867.33333333,may,11.3
1867,6,1867.41666667,jun,15.1
1867,7,1867.5,jul,15.1
1867,8,1867.58333333,aug,17
1867,9,1867.66666667,sep,13.7
1867,10,1867.75,oct,7.5
1867,11,1867.83333333,nov,2
1867,12,1867.91666667,dec,-1.7
1868,1,1868.0,jan,-2
1868,2,1868.08333333,feb,2.8
1868,3,1868.16666667,mar,3.4
1868,4,1868.25,apr,6.7
1868,5,1868.33333333,may,15.8
1868,6,1868.41666667,jun,17
1868,7,1868.5,jul,18.2
1868,8,1868.58333333,aug,17.9
1868,9,1868.66666667,sep,14.8
1868,10,1868.75,oct,8.6
1868,11,1868.83333333,nov,1.9
1868,12,1868.91666667,dec,4.2
1869,1,1869.0,jan,-1.1
1869,2,1869.08333333,feb,4.4
1869,3,1869.16666667,mar,1
1869,4,1869.25,apr,9.6
1869,5,1869.33333333,may,12.6
1869,6,1869.41666667,jun,12.9
1869,7,1869.5,jul,18.1
1869,8,1869.58333333,aug,15
1869,9,1869.66666667,sep,13.9
1869,10,1869.75,oct,6.6
1869,11,1869.83333333,nov,3.4
1869,12,1869.91666667,dec,-0.5
1870,1,1870.0,jan,-0.3
1870,2,1870.08333333,feb,-4.4
1870,3,1870.16666667,mar,1
1870,4,1870.25,apr,7.4
1870,5,1870.33333333,may,12.5
1870,6,1870.41666667,jun,15.1
1870,7,1870.5,jul,17.9
1870,8,1870.58333333,aug,15
1870,9,1870.66666667,sep,11.5
1870,10,1870.75,oct,7.9
1870,11,1870.83333333,nov,4.1
1870,12,1870.91666667,dec,-4.5
1871,1,1871.0,jan,-5.1
1871,2,1871.08333333,feb,-0.8
1871,3,1871.16666667,mar,4.3
1871,4,1871.25,apr,6.8
1871,5,1871.33333333,may,9.4
1871,6,1871.41666667,jun,12.7
1871,7,1871.5,jul,16.8
1871,8,1871.58333333,aug,17.1
1871,9,1871.66666667,sep,13.4
1871,10,1871.75,oct,5.9
1871,11,1871.83333333,nov,0.7
1871,12,1871.91666667,dec,-4.8
1872,1,1872.0,jan,-0.1
1872,2,1872.08333333,feb,1.2
1872,3,1872.16666667,mar,4.8
1872,4,1872.25,apr,8.5
1872,5,1872.33333333,may,12.3
1872,6,1872.41666667,jun,15.3
1872,7,1872.5,jul,18.1
1872,8,1872.58333333,aug,15.4
1872,9,1872.66666667,sep,13.7
1872,10,1872.75,oct,9.4
1872,11,1872.83333333,nov,5.7
1872,12,1872.91666667,dec,2.5
1873,1,1873.0,jan,1.9
1873,2,1873.08333333,feb,-0.6
1873,3,1873.16666667,mar,4.6
1873,4,1873.25,apr,6.4
1873,5,1873.33333333,may,9.7
1873,6,1873.41666667,jun,15.7
1873,7,1873.5,jul,18.3
1873,8,1873.58333333,aug,17.7
1873,9,1873.66666667,sep,12
1873,10,1873.75,oct,9.4
1873,11,1873.83333333,nov,4.2
1873,12,1873.91666667,dec,1
1874,1,1874.0,jan,0.9
1874,2,1874.08333333,feb,0.1
1874,3,1874.16666667,mar,3.2
1874,4,1874.25,apr,9.1
1874,5,1874.33333333,may,8.9
1874,6,1874.41666667,jun,15.5
1874,7,1874.5,jul,19.1
1874,8,1874.58333333,aug,15
1874,9,1874.66666667,sep,14.7
1874,10,1874.75,oct,9.2
1874,11,1874.83333333,nov,1.5
1874,12,1874.91666667,dec,-1.6
1875,1,1875.0,jan,1.1
1875,2,1875.08333333,feb,-3.9
1875,3,1875.16666667,mar,0.4
1875,4,1875.25,apr,6.8
1875,5,1875.33333333,may,12.9
1875,6,1875.41666667,jun,16.9
1875,7,1875.5,jul,16.6
1875,8,1875.58333333,aug,17.9
1875,9,1875.66666667,sep,13.4
1875,10,1875.75,oct,6.4
1875,11,1875.83333333,nov,2.4
1875,12,1875.91666667,dec,-2
1876,1,1876.0,jan,-3.5
1876,2,1876.08333333,feb,0.7
1876,3,1876.16666667,mar,3.8
1876,4,1876.25,apr,8.3
1876,5,1876.33333333,may,8.6
1876,6,1876.41666667,jun,15.8
1876,7,1876.5,jul,17.4
1876,8,1876.58333333,aug,17.1
1876,9,1876.66666667,sep,11.9
1876,10,1876.75,oct,10.1
1876,11,1876.83333333,nov,1.2
1876,12,1876.91666667,dec,1.9
1877,1,1877.0,jan,2.1
1877,2,1877.08333333,feb,2.7
1877,3,1877.16666667,mar,2
1877,4,1877.25,apr,6
1877,5,1877.33333333,may,9.4
1877,6,1877.41666667,jun,17.7
1877,7,1877.5,jul,16.5
1877,8,1877.58333333,aug,17.2
1877,9,1877.66666667,sep,10.5
1877,10,1877.75,oct,6.9
1877,11,1877.83333333,nov,5.4
1877,12,1877.91666667,dec,0.4
1878,1,1878.0,jan,-0.5
1878,2,1878.08333333,feb,2.2
1878,3,1878.16666667,mar,2.9
1878,4,1878.25,apr,8.4
1878,5,1878.33333333,may,12.3
1878,6,1878.41666667,jun,15.4
1878,7,1878.5,jul,15.7
1878,8,1878.58333333,aug,16.4
1878,9,1878.66666667,sep,13.7
1878,10,1878.75,oct,9.3
1878,11,1878.83333333,nov,2.9
1878,12,1878.91666667,dec,-1.7
1879,1,1879.0,jan,-2.7
1879,2,1879.08333333,feb,0.3
1879,3,1879.16666667,mar,1.9
1879,4,1879.25,apr,5.6
1879,5,1879.33333333,may,9.5
1879,6,1879.41666667,jun,15.7
1879,7,1879.5,jul,14.4
1879,8,1879.58333333,aug,16.9
1879,9,1879.66666667,sep,13.5
1879,10,1879.75,oct,7.7
1879,11,1879.83333333,nov,0.7
1879,12,1879.91666667,dec,-7.2
1880,1,1880.0,jan,-2.8
1880,2,1880.08333333,feb,0.2
1880,3,1880.16666667,mar,3.9
1880,4,1880.25,apr,8.3
1880,5,1880.33333333,may,10.7
1880,6,1880.41666667,jun,14.7
1880,7,1880.5,jul,17.4
1880,8,1880.58333333,aug,16.2
1880,9,1880.66666667,sep,13.7
1880,10,1880.75,oct,7.5
1880,11,1880.83333333,nov,3.9
1880,12,1880.91666667,dec,3.9
1881,1,1881.0,jan,-5.4
1881,2,1881.08333333,feb,-0.1
1881,3,1881.16666667,mar,2.6
1881,4,1881.25,apr,5.5
1881,5,1881.33333333,may,11.8
1881,6,1881.41666667,jun,15.1
1881,7,1881.5,jul,18.6
1881,8,1881.58333333,aug,15.9
1881,9,1881.66666667,sep,12.1
1881,10,1881.75,oct,5
1881,11,1881.83333333,nov,5.7
1881,12,1881.91666667,dec,0.9
1882,1,1882.0,jan,0.4
1882,2,1882.08333333,feb,1.5
1882,3,1882.16666667,mar,6
1882,4,1882.25,apr,7.7
1882,5,1882.33333333,may,12
1882,6,1882.41666667,jun,14.3
1882,7,1882.5,jul,16.8
1882,8,1882.58333333,aug,14.9
1882,9,1882.66666667,sep,13.1
1882,10,1882.75,oct,8.9
1882,11,1882.83333333,nov,3.9
1882,12,1882.91666667,dec,0.6
1883,1,1883.0,jan,-0.3
1883,2,1883.08333333,feb,2.3
1883,3,1883.16666667,mar,-1.66
1883,4,1883.25,apr,6.1
1883,5,1883.33333333,may,12.4
1883,6,1883.41666667,jun,16.2
1883,7,1883.5,jul,16.7
1883,8,1883.58333333,aug,15.9
1883,9,1883.66666667,sep,13.4
1883,10,1883.75,oct,8.5
1883,11,1883.83333333,nov,4.3
1883,12,1883.91666667,dec,0.8
1884,1,1884.0,jan,2.9
1884,2,1884.08333333,feb,2.7
1884,3,1884.16666667,mar,4.7
1884,4,1884.25,apr,6.1
1884,5,1884.33333333,may,12.7
1884,6,1884.41666667,jun,13.1
1884,7,1884.5,jul,18.2
1884,8,1884.58333333,aug,17
1884,9,1884.66666667,sep,14.2
1884,10,1884.75,oct,7.9
1884,11,1884.83333333,nov,1.7
1884,12,1884.91666667,dec,1.7
1885,1,1885.0,jan,-2.8
1885,2,1885.08333333,feb,3
1885,3,1885.16666667,mar,2.5
1885,4,1885.25,apr,9.2
1885,5,1885.33333333,may,10
1885,6,1885.41666667,jun,16.7
1885,7,1885.5,jul,17.3
1885,8,1885.58333333,aug,14.6
1885,9,1885.66666667,sep,12.7
1885,10,1885.75,oct,7.4
1885,11,1885.83333333,nov,2.7
1885,12,1885.91666667,dec,-0.3
1886,1,1886.0,jan,-1.3
1886,2,1886.08333333,feb,-2.9
1886,3,1886.16666667,mar,0.4
1886,4,1886.25,apr,8.7
1886,5,1886.33333333,may,12.7
1886,6,1886.41666667,jun,14.3
1886,7,1886.5,jul,16.8
1886,8,1886.58333333,aug,16.9
1886,9,1886.66666667,sep,15.1
1886,10,1886.75,oct,9.5
1886,11,1886.83333333,nov,5.1
1886,12,1886.91666667,dec,0.8
1887,1,1887.0,jan,-3.7
1887,2,1887.08333333,feb,-0.8
1887,3,1887.16666667,mar,1.1
1887,4,1887.25,apr,7.1
1887,5,1887.33333333,may,10
1887,6,1887.41666667,jun,15.5
1887,7,1887.5,jul,18.7
1887,8,1887.58333333,aug,15.7
1887,9,1887.66666667,sep,12.2
1887,10,1887.75,oct,5.5
1887,11,1887.83333333,nov,3.1
1887,12,1887.91666667,dec,-0.8
1888,1,1888.0,jan,-1.9
1888,2,1888.08333333,feb,-2.6
1888,3,1888.16666667,mar,0.7
1888,4,1888.25,apr,5.7
1888,5,1888.33333333,may,12.1
1888,6,1888.41666667,jun,15.8
1888,7,1888.5,jul,14.7
1888,8,1888.58333333,aug,15
1888,9,1888.66666667,sep,12.5
1888,10,1888.75,oct,6.4
1888,11,1888.83333333,nov,3.3
1888,12,1888.91666667,dec,0.6
1889,1,1889.0,jan,-2.4
1889,2,1889.08333333,feb,-2.6
1889,3,1889.16666667,mar,0.3
1889,4,1889.25,apr,6.9
1889,5,1889.33333333,may,15.78
1889,6,1889.41666667,jun,18.6
1889,7,1889.5,jul,16.3
1889,8,1889.58333333,aug,15.3
1889,9,1889.66666667,sep,11.1
1889,10,1889.75,oct,8
1889,11,1889.83333333,nov,2.7
1889,12,1889.91666667,dec,-1.6
1890,1,1890.0,jan,2
1890,2,1890.08333333,feb,-2.6
1890,3,1890.16666667,mar,4.1
1890,4,1890.25,apr,6.8
1890,5,1890.33333333,may,13.6
1890,6,1890.41666667,jun,13.9
1890,7,1890.5,jul,15.4
1890,8,1890.58333333,aug,16.5
1890,9,1890.66666667,sep,13.1
1890,10,1890.75,oct,7.2
1890,11,1890.83333333,nov,2.9
1890,12,1890.91666667,dec,-5.3
1891,1,1891.0,jan,-4.5
1891,2,1891.08333333,feb,-0.6
1891,3,1891.16666667,mar,2.6
1891,4,1891.25,apr,5.1
1891,5,1891.33333333,may,12.6
1891,6,1891.41666667,jun,14.7
1891,7,1891.5,jul,16.2
1891,8,1891.58333333,aug,15
1891,9,1891.66666667,sep,13.8
1891,10,1891.75,oct,9.9
1891,11,1891.83333333,nov,2.7
1891,12,1891.91666667,dec,1.7
1892,1,1892.0,jan,-1.8
1892,2,1892.08333333,feb,0.5
1892,3,1892.16666667,mar,0.5
1892,4,1892.25,apr,7
1892,5,1892.33333333,may,12.2
1892,6,1892.41666667,jun,15.1
1892,7,1892.5,jul,16
1892,8,1892.58333333,aug,18.1
1892,9,1892.66666667,sep,13.8
1892,10,1892.75,oct,7.4
1892,11,1892.83333333,nov,3
1892,12,1892.91666667,dec,-1.9
1893,1,1893.0,jan,-7.3
1893,2,1893.08333333,feb,1.8
1893,3,1893.16666667,mar,4.3
1893,4,1893.25,apr,8.8
1893,5,1893.33333333,may,12.2
1893,6,1893.41666667,jun,15.8
1893,7,1893.5,jul,17.4
1893,8,1893.58333333,aug,17
1893,9,1893.66666667,sep,12.4
1893,10,1893.75,oct,9.8
1893,11,1893.83333333,nov,2.2
1893,12,1893.91666667,dec,0.3
1894,1,1894.0,jan,-1.8
1894,2,1894.08333333,feb,1.6
1894,3,1894.16666667,mar,4.7
1894,4,1894.25,apr,9.9
1894,5,1894.33333333,may,11.3
1894,6,1894.41666667,jun,14.2
1894,7,1894.5,jul,17.8
1894,8,1894.58333333,aug,15.4
1894,9,1894.66666667,sep,11
1894,10,1894.75,oct,8
1894,11,1894.83333333,nov,4.9
1894,12,1894.91666667,dec,0.5
1895,1,1895.0,jan,-4
1895,2,1895.08333333,feb,-6.8
1895,3,1895.16666667,mar,1.4
1895,4,1895.25,apr,8.6
1895,5,1895.33333333,may,12.2
1895,6,1895.41666667,jun,15.7
1895,7,1895.5,jul,17.2
1895,8,1895.58333333,aug,16.5
1895,9,1895.66666667,sep,15.2
1895,10,1895.75,oct,7.1
1895,11,1895.83333333,nov,4.8
1895,12,1895.91666667,dec,-0.1
1896,1,1896.0,jan,-0.8
1896,2,1896.08333333,feb,-0.2
1896,3,1896.16666667,mar,5.3
1896,4,1896.25,apr,5.9
1896,5,1896.33333333,may,10.7
1896,6,1896.41666667,jun,16.7
1896,7,1896.5,jul,17
1896,8,1896.58333333,aug,14.3
1896,9,1896.66666667,sep,12.7
1896,10,1896.75,oct,8.6
1896,11,1896.83333333,nov,1.2
1896,12,1896.91666667,dec,-0.5
1897,1,1897.0,jan,-2.9
1897,2,1897.08333333,feb,1.1
1897,3,1897.16666667,mar,5
1897,4,1897.25,apr,7.2
1897,5,1897.33333333,may,10.6
1897,6,1897.41666667,jun,17
1897,7,1897.5,jul,16.5
1897,8,1897.58333333,aug,17.1
1897,9,1897.66666667,sep,12.3
1897,10,1897.75,oct,7.3
1897,11,1897.83333333,nov,2.8
1897,12,1897.91666667,dec,1.3
1898,1,1898.0,jan,2.3
1898,2,1898.08333333,feb,1.1
1898,3,1898.16666667,mar,2.9
1898,4,1898.25,apr,7.3
1898,5,1898.33333333,may,11.3
1898,6,1898.41666667,jun,14.8
1898,7,1898.5,jul,14.4
1898,8,1898.58333333,aug,18
1898,9,1898.66666667,sep,13.6
1898,10,1898.75,oct,8.9
1898,11,1898.83333333,nov,4.7
1898,12,1898.91666667,dec,3
1899,1,1899.0,jan,2.1
1899,2,1899.08333333,feb,2
1899,3,1899.16666667,mar,2.6
1899,4,1899.25,apr,7.1
1899,5,1899.33333333,may,11.1
1899,6,1899.41666667,jun,14.7
1899,7,1899.5,jul,17.3
1899,8,1899.58333333,aug,16.8
1899,9,1899.66666667,sep,12.5
1899,10,1899.75,oct,7.8
1899,11,1899.83333333,nov,6.4
1899,12,1899.91666667,dec,-3.3
1900,1,1900.0,jan,0.7
1900,2,1900.08333333,feb,1.1
1900,3,1900.16666667,mar,0.6
1900,4,1900.25,apr,6.5
1900,5,1900.33333333,may,10.8
1900,6,1900.41666667,jun,15.9
1900,7,1900.5,jul,18.4
1900,8,1900.58333333,aug,16.2
1900,9,1900.66666667,sep,13.8
1900,10,1900.75,oct,8.6
1900,11,1900.83333333,nov,4.7
1900,12,1900.91666667,dec,2.8
1901,1,1901.0,jan,-3.7
1901,2,1901.08333333,feb,-4.1
1901,3,1901.16666667,mar,2.1
1901,4,1901.25,apr,8
1901,5,1901.33333333,may,12.8
1901,6,1901.41666667,jun,15.6
1901,7,1901.5,jul,18.5
1901,8,1901.58333333,aug,16.4
1901,9,1901.66666667,sep,13.4
1901,10,1901.75,oct,9.1
1901,11,1901.83333333,nov,2.7
1901,12,1901.91666667,dec,0.9
1902,1,1902.0,jan,2.8
1902,2,1902.08333333,feb,-1.2
1902,3,1902.16666667,mar,3.4
1902,4,1902.25,apr,7.8
1902,5,1902.33333333,may,8.61
1902,6,1902.41666667,jun,15.3
1902,7,1902.5,jul,15.8
1902,8,1902.58333333,aug,14.7
1902,9,1902.66666667,sep,12
1902,10,1902.75,oct,7.1
1902,11,1902.83333333,nov,1.6
1902,12,1902.91666667,dec,-1.8
1903,1,1903.0,jan,0.3
1903,2,1903.08333333,feb,3.6
1903,3,1903.16666667,mar,5.7
1903,4,1903.25,apr,4.6
1903,5,1903.33333333,may,12.6
1903,6,1903.41666667,jun,14.8
1903,7,1903.5,jul,16.2
1903,8,1903.58333333,aug,15.4
1903,9,1903.66666667,sep,13.5
1903,10,1903.75,oct,9.6
1903,11,1903.83333333,nov,4.4
1903,12,1903.91666667,dec,-0.8
1904,1,1904.0,jan,-1.3
1904,2,1904.08333333,feb,1.1
1904,3,1904.16666667,mar,3
1904,4,1904.25,apr,8.8
1904,5,1904.33333333,may,12.3
1904,6,1904.41666667,jun,15.2
1904,7,1904.5,jul,18.7
1904,8,1904.58333333,aug,16.5
1904,9,1904.66666667,sep,11.9
1904,10,1904.75,oct,8.3
1904,11,1904.83333333,nov,3.3
1904,12,1904.91666667,dec,2.4
1905,1,1905.0,jan,-1.8
1905,2,1905.08333333,feb,1.3
1905,3,1905.16666667,mar,4.5
1905,4,1905.25,apr,5.9
1905,5,1905.33333333,may,12.1
1905,6,1905.41666667,jun,17
1905,7,1905.5,jul,18.6
1905,8,1905.58333333,aug,16.5
1905,9,1905.66666667,sep,12.8
1905,10,1905.75,oct,4.46
1905,11,1905.83333333,nov,3.1
1905,12,1905.91666667,dec,1
1906,1,1906.0,jan,1
1906,2,1906.08333333,feb,0.3
1906,3,1906.16666667,mar,2.2
1906,4,1906.25,apr,8
1906,5,1906.33333333,may,13.1
1906,6,1906.41666667,jun,14.7
1906,7,1906.5,jul,17.2
1906,8,1906.58333333,aug,16.5
1906,9,1906.66666667,sep,12.5
1906,10,1906.75,oct,9.8
1906,11,1906.83333333,nov,6.3
1906,12,1906.91666667,dec,-2.2
1907,1,1907.0,jan,-0.3
1907,2,1907.08333333,feb,-1.5
1907,3,1907.16666667,mar,2.6
1907,4,1907.25,apr,6.1
1907,5,1907.33333333,may,12.9
1907,6,1907.41666667,jun,14.6
1907,7,1907.5,jul,14.5
1907,8,1907.58333333,aug,15.7
1907,9,1907.66666667,sep,13.1
1907,10,1907.75,oct,11.2
1907,11,1907.83333333,nov,3.3
1907,12,1907.91666667,dec,1.5
1908,1,1908.0,jan,-2.2
1908,2,1908.08333333,feb,1.2
1908,3,1908.16666667,mar,2.3
1908,4,1908.25,apr,5.4
1908,5,1908.33333333,may,13.2
1908,6,1908.41666667,jun,17
1908,7,1908.5,jul,17.2
1908,8,1908.58333333,aug,14.5
1908,9,1908.66666667,sep,12.1
1908,10,1908.75,oct,8.1
1908,11,1908.83333333,nov,1.5
1908,12,1908.91666667,dec,-0.5
1909,1,1909.0,jan,-1.6
1909,2,1909.08333333,feb,-2.5
1909,3,1909.16666667,mar,1.5
1909,4,1909.25,apr,7.8
1909,5,1909.33333333,may,10.9
1909,6,1909.41666667,jun,14.1
1909,7,1909.5,jul,15
1909,8,1909.58333333,aug,16.2
1909,9,1909.66666667,sep,12.7
1909,10,1909.75,oct,10.2
1909,11,1909.83333333,nov,2
1909,12,1909.91666667,dec,1.9
1910,1,1910.0,jan,1.4
1910,2,1910.08333333,feb,2.4
1910,3,1910.16666667,mar,3.7
1910,4,1910.25,apr,7.3
1910,5,1910.33333333,may,12.3
1910,6,1910.41666667,jun,16.5
1910,7,1910.5,jul,15.5
1910,8,1910.58333333,aug,15.8
1910,9,1910.66666667,sep,12
1910,10,1910.75,oct,9.1
1910,11,1910.83333333,nov,2.2
1910,12,1910.91666667,dec,2.6
1911,1,1911.0,jan,-1.1
1911,2,1911.08333333,feb,1.3
1911,3,1911.16666667,mar,4
1911,4,1911.25,apr,7.2
1911,5,1911.33333333,may,13.1
1911,6,1911.41666667,jun,14.9
1911,7,1911.5,jul,19.1
1911,8,1911.58333333,aug,19.4
1911,9,1911.66666667,sep,14.4
1911,10,1911.75,oct,8.5
1911,11,1911.83333333,nov,4.7
1911,12,1911.91666667,dec,3
1912,1,1912.0,jan,-1.5
1912,2,1912.08333333,feb,2.3
1912,3,1912.16666667,mar,6
1912,4,1912.25,apr,6.9
1912,5,1912.33333333,may,11.9
1912,6,1912.41666667,jun,15.6
1912,7,1912.5,jul,17.9
1912,8,1912.58333333,aug,13.97
1912,9,1912.66666667,sep,9.08
1912,10,1912.75,oct,6.5
1912,11,1912.83333333,nov,2.6
1912,12,1912.91666667,dec,3.1
1913,1,1913.0,jan,-0.2
1913,2,1913.08333333,feb,1.3
1913,3,1913.16666667,mar,6
1913,4,1913.25,apr,7.8
1913,5,1913.33333333,may,12.4
1913,6,1913.41666667,jun,14.8
1913,7,1913.5,jul,14.6
1913,8,1913.58333333,aug,14.8
1913,9,1913.66666667,sep,12.6
1913,10,1913.75,oct,9.5
1913,11,1913.83333333,nov,6.8
1913,12,1913.91666667,dec,2
1914,1,1914.0,jan,-3
1914,2,1914.08333333,feb,3.1
1914,3,1914.16666667,mar,4.7
1914,4,1914.25,apr,9.8
1914,5,1914.33333333,may,10.9
1914,6,1914.41666667,jun,14.6
1914,7,1914.5,jul,17.6
1914,8,1914.58333333,aug,17.2
1914,9,1914.66666667,sep,12.4
1914,10,1914.75,oct,8.2
1914,11,1914.83333333,nov,3.4
1914,12,1914.91666667,dec,3.5
1915,1,1915.0,jan,0.2
1915,2,1915.08333333,feb,0.9
1915,3,1915.16666667,mar,1.7
1915,4,1915.25,apr,6.9
1915,5,1915.33333333,may,13.1
1915,6,1915.41666667,jun,17.5
1915,7,1915.5,jul,16.2
1915,8,1915.58333333,aug,15.2
1915,9,1915.66666667,sep,11.8
1915,10,1915.75,oct,6.4
1915,11,1915.83333333,nov,1.5
1915,12,1915.91666667,dec,3.5
1916,1,1916.0,jan,3.8
1916,2,1916.08333333,feb,0.8
1916,3,1916.16666667,mar,3.9
1916,4,1916.25,apr,8.2
1916,5,1916.33333333,may,13.1
1916,6,1916.41666667,jun,12.8
1916,7,1916.5,jul,16
1916,8,1916.58333333,aug,15.9
1916,9,1916.66666667,sep,12
1916,10,1916.75,oct,8.5
1916,11,1916.83333333,nov,4.5
1916,12,1916.91666667,dec,1.8
1917,1,1917.0,jan,-2.6
1917,2,1917.08333333,feb,-3.8
1917,3,1917.16666667,mar,0
1917,4,1917.25,apr,4.33
1917,5,1917.33333333,may,15
1917,6,1917.41666667,jun,18.8
1917,7,1917.5,jul,17.3
1917,8,1917.58333333,aug,16.7
1917,9,1917.66666667,sep,14.5
1917,10,1917.75,oct,7.2
1917,11,1917.83333333,nov,5.1
1917,12,1917.91666667,dec,-2.1
1918,1,1918.0,jan,0.7
1918,2,1918.08333333,feb,1.7
1918,3,1918.16666667,mar,4
1918,4,1918.25,apr,9
1918,5,1918.33333333,may,14
1918,6,1918.41666667,jun,13
1918,7,1918.5,jul,16.5
1918,8,1918.58333333,aug,15.9
1918,9,1918.66666667,sep,12.9
1918,10,1918.75,oct,7.9
1918,11,1918.83333333,nov,3
1918,12,1918.91666667,dec,3.9
1919,1,1919.0,jan,0.7
1919,2,1919.08333333,feb,-0.5
1919,3,1919.16666667,mar,3
1919,4,1919.25,apr,5.5
1919,5,1919.33333333,may,11.6
1919,6,1919.41666667,jun,15
1919,7,1919.5,jul,14.36
1919,8,1919.58333333,aug,16.1
1919,9,1919.66666667,sep,14.7
1919,10,1919.75,oct,6
1919,11,1919.83333333,nov,0.5
1919,12,1919.91666667,dec,0.8
1920,1,1920.0,jan,2.3
1920,2,1920.08333333,feb,3
1920,3,1920.16666667,mar,6.1
1920,4,1920.25,apr,9.4
1920,5,1920.33333333,may,13.8
1920,6,1920.41666667,jun,14.9
1920,7,1920.5,jul,17.4
1920,8,1920.58333333,aug,15
1920,9,1920.66666667,sep,13
1920,10,1920.75,oct,6.9
1920,11,1920.83333333,nov,1.2
1920,12,1920.91666667,dec,0.6
1921,1,1921.0,jan,4.2
1921,2,1921.08333333,feb,1.2
1921,3,1921.16666667,mar,5.6
1921,4,1921.25,apr,7.8
1921,5,1921.33333333,may,14
1921,6,1921.41666667,jun,14.4
1921,7,1921.5,jul,18.7
1921,8,1921.58333333,aug,17.2
1921,9,1921.66666667,sep,13.4
1921,10,1921.75,oct,11
1921,11,1921.83333333,nov,-0.18
1921,12,1921.91666667,dec,0.5
1922,1,1922.0,jan,-2.7
1922,2,1922.08333333,feb,-1.3
1922,3,1922.16666667,mar,3.5
1922,4,1922.25,apr,5.5
1922,5,1922.33333333,may,13.6
1922,6,1922.41666667,jun,15.7
1922,7,1922.5,jul,15.7
1922,8,1922.58333333,aug,15.4
1922,9,1922.66666667,sep,11.2
1922,10,1922.75,oct,5
1922,11,1922.83333333,nov,2.5
1922,12,1922.91666667,dec,2.2
1923,1,1923.0,jan,1.5
1923,2,1923.08333333,feb,1
1923,3,1923.16666667,mar,4.9
1923,4,1923.25,apr,6.8
1923,5,1923.33333333,may,11.4
1923,6,1923.41666667,jun,11.19
1923,7,1923.5,jul,18.6
1923,8,1923.58333333,aug,15.7
1923,9,1923.66666667,sep,13.1
1923,10,1923.75,oct,10.3
1923,11,1923.83333333,nov,2.9
1923,12,1923.91666667,dec,-1.7
1924,1,1924.0,jan,-2.9
1924,2,1924.08333333,feb,-2.6
1924,3,1924.16666667,mar,2.2
1924,4,1924.25,apr,6.3
1924,5,1924.33333333,may,13.7
1924,6,1924.41666667,jun,15.1
1924,7,1924.5,jul,16.7
1924,8,1924.58333333,aug,14.5
1924,9,1924.66666667,sep,13.6
1924,10,1924.75,oct,9.4
1924,11,1924.83333333,nov,3
1924,12,1924.91666667,dec,1.5
1925,1,1925.0,jan,2.5
1925,2,1925.08333333,feb,3.6
1925,3,1925.16666667,mar,1.3
1925,4,1925.25,apr,8.2
1925,5,1925.33333333,may,13.9
1925,6,1925.41666667,jun,15
1925,7,1925.5,jul,17.9
1925,8,1925.58333333,aug,16.5
1925,9,1925.66666667,sep,11
1925,10,1925.75,oct,8.5
1925,11,1925.83333333,nov,2
1925,12,1925.91666667,dec,-0.4
1926,1,1926.0,jan,0
1926,2,1926.08333333,feb,4.4
1926,3,1926.16666667,mar,4
1926,4,1926.25,apr,9.7
1926,5,1926.33333333,may,10.7
1926,6,1926.41666667,jun,13.8
1926,7,1926.5,jul,17.4
1926,8,1926.58333333,aug,16
1926,9,1926.66666667,sep,14.6
1926,10,1926.75,oct,7.8
1926,11,1926.83333333,nov,6
1926,12,1926.91666667,dec,0.5
1927,1,1927.0,jan,1.8
1927,2,1927.08333333,feb,0.9
1927,3,1927.16666667,mar,5.9
1927,4,1927.25,apr,7.1
1927,5,1927.33333333,may,10.9
1927,6,1927.41666667,jun,14.1
1927,7,1927.5,jul,17.3
1927,8,1927.58333333,aug,16.4
1927,9,1927.66666667,sep,13.5
1927,10,1927.75,oct,8.5
1927,11,1927.83333333,nov,2.7
1927,12,1927.91666667,dec,-2.6
1928,1,1928.0,jan,1.6
1928,2,1928.08333333,feb,2.5
1928,3,1928.16666667,mar,2.9
1928,4,1928.25,apr,7.5
1928,5,1928.33333333,may,10.1
1928,6,1928.41666667,jun,14.1
1928,7,1928.5,jul,18.3
1928,8,1928.58333333,aug,16.2
1928,9,1928.66666667,sep,12.5
1928,10,1928.75,oct,8.6
1928,11,1928.83333333,nov,6.2
1928,12,1928.91666667,dec,-0.3
1929,1,1929.0,jan,-4.7
1929,2,1929.08333333,feb,-9.6
1929,3,1929.16666667,mar,2.6
1929,4,1929.25,apr,4.5
1929,5,1929.33333333,may,13.1
1929,6,1929.41666667,jun,14.5
1929,7,1929.5,jul,17.5
1929,8,1929.58333333,aug,17.1
1929,9,1929.66666667,sep,15.5
1929,10,1929.75,oct,9.7
1929,11,1929.83333333,nov,4.7
1929,12,1929.91666667,dec,3.5
1930,1,1930.0,jan,2.3
1930,2,1930.08333333,feb,-0.2
1930,3,1930.16666667,mar,4.2
1930,4,1930.25,apr,8.3
1930,5,1930.33333333,may,11.6
1930,6,1930.41666667,jun,18.2
1930,7,1930.5,jul,16.3
1930,8,1930.58333333,aug,15.9
1930,9,1930.66666667,sep,13.2
1930,10,1930.75,oct,8.7
1930,11,1930.83333333,nov,5.9
1930,12,1930.91666667,dec,0.6
1931,1,1931.0,jan,0.2
1931,2,1931.08333333,feb,-1.2
1931,3,1931.16666667,mar,0.2
1931,4,1931.25,apr,5.8
1931,5,1931.33333333,may,15.1
1931,6,1931.41666667,jun,16.1
1931,7,1931.5,jul,16.8
1931,8,1931.58333333,aug,15.4
1931,9,1931.66666667,sep,10.2
1931,10,1931.75,oct,7.3
1931,11,1931.83333333,nov,4.6
1931,12,1931.91666667,dec,0.1
1932,1,1932.0,jan,1.8
1932,2,1932.08333333,feb,-1.9
1932,3,1932.16666667,mar,0.8
1932,4,1932.25,apr,7
1932,5,1932.33333333,may,12.5
1932,6,1932.41666667,jun,14.6
1932,7,1932.5,jul,17.9
1932,8,1932.58333333,aug,18.7
1932,9,1932.66666667,sep,15
1932,10,1932.75,oct,8.5
1932,11,1932.83333333,nov,4.2
1932,12,1932.91666667,dec,0.8
1933,1,1933.0,jan,-2.6
1933,2,1933.08333333,feb,0.1
1933,3,1933.16666667,mar,5.1
1933,4,1933.25,apr,7
1933,5,1933.33333333,may,11.5
1933,6,1933.41666667,jun,14.3
1933,7,1933.5,jul,18.1
1933,8,1933.58333333,aug,16.9
1933,9,1933.66666667,sep,13.5
1933,10,1933.75,oct,8.8
1933,11,1933.83333333,nov,2.5
1933,12,1933.91666667,dec,-3.9
1934,1,1934.0,jan,0.4
1934,2,1934.08333333,feb,1.2
1934,3,1934.16666667,mar,4.1
1934,4,1934.25,apr,10.3
1934,5,1934.33333333,may,13.3
1934,6,1934.41666667,jun,16.4
1934,7,1934.5,jul,18.3
1934,8,1934.58333333,aug,16.4
1934,9,1934.66666667,sep,15.6
1934,10,1934.75,oct,9.6
1934,11,1934.83333333,nov,4.1
1934,12,1934.91666667,dec,4.8
1935,1,1935.0,jan,-0.8
1935,2,1935.08333333,feb,1.9
1935,3,1935.16666667,mar,2.7
1935,4,1935.25,apr,7.3
1935,5,1935.33333333,may,10.5
1935,6,1935.41666667,jun,17.2
1935,7,1935.5,jul,17.8
1935,8,1935.58333333,aug,16.6
1935,9,1935.66666667,sep,13.7
1935,10,1935.75,oct,8.6
1935,11,1935.83333333,nov,5.2
1935,12,1935.91666667,dec,0.4
1936,1,1936.0,jan,3.1
1936,2,1936.08333333,feb,0.2
1936,3,1936.16666667,mar,5
1936,4,1936.25,apr,6.2
1936,5,1936.33333333,may,12.3
1936,6,1936.41666667,jun,16.2
1936,7,1936.5,jul,16.8
1936,8,1936.58333333,aug,16.2
1936,9,1936.66666667,sep,13
1936,10,1936.75,oct,6.4
1936,11,1936.83333333,nov,3.8
1936,12,1936.91666667,dec,1.5
1937,1,1937.0,jan,-0.8
1937,2,1937.08333333,feb,2.2
1937,3,1937.16666667,mar,2.9
1937,4,1937.25,apr,8
1937,5,1937.33333333,may,14.7
1937,6,1937.41666667,jun,16.3
1937,7,1937.5,jul,17.1
1937,8,1937.58333333,aug,17.1
1937,9,1937.66666667,sep,13.3
1937,10,1937.75,oct,9.4
1937,11,1937.83333333,nov,3.3
1937,12,1937.91666667,dec,-0.5
1938,1,1938.0,jan,1.7
1938,2,1938.08333333,feb,0.9
1938,3,1938.16666667,mar,6.9
1938,4,1938.25,apr,5
1938,5,1938.33333333,may,10.7
1938,6,1938.41666667,jun,16
1938,7,1938.5,jul,16.7
1938,8,1938.58333333,aug,17.7
1938,9,1938.66666667,sep,13.8
1938,10,1938.75,oct,8.7
1938,11,1938.83333333,nov,7
1938,12,1938.91666667,dec,-1.9
1939,1,1939.0,jan,2.6
1939,2,1939.08333333,feb,1.6
1939,3,1939.16666667,mar,1.7
1939,4,1939.25,apr,8.6
1939,5,1939.33333333,may,10.5
1939,6,1939.41666667,jun,16.3
1939,7,1939.5,jul,17
1939,8,1939.58333333,aug,17.5
1939,9,1939.66666667,sep,13.4
1939,10,1939.75,oct,6.5
1939,11,1939.83333333,nov,5.5
1939,12,1939.91666667,dec,-1.6
1940,1,1940.0,jan,-9
1940,2,1940.08333333,feb,-4.3
1940,3,1940.16666667,mar,2.7
1940,4,1940.25,apr,7.9
1940,5,1940.33333333,may,12.2
1940,6,1940.41666667,jun,16.7
1940,7,1940.5,jul,16.2
1940,8,1940.58333333,aug,14.5
1940,9,1940.66666667,sep,12.4
1940,10,1940.75,oct,7.6
1940,11,1940.83333333,nov,5.4
1940,12,1940.91666667,dec,-2.8
1941,1,1941.0,jan,-5.4
1941,2,1941.08333333,feb,-0.2
1941,3,1941.16666667,mar,3.2
1941,4,1941.25,apr,5.5
1941,5,1941.33333333,may,9.2
1941,6,1941.41666667,jun,16.3
1941,7,1941.5,jul,18.5
1941,8,1941.58333333,aug,15
1941,9,1941.66666667,sep,12.3
1941,10,1941.75,oct,8
1941,11,1941.83333333,nov,2
1941,12,1941.91666667,dec,1.5
1942,1,1942.0,jan,-7.9
1942,2,1942.08333333,feb,-5.4
1942,3,1942.16666667,mar,1.4
1942,4,1942.25,apr,7.5
1942,5,1942.33333333,may,12.1
1942,6,1942.41666667,jun,14.4
1942,7,1942.5,jul,16.1
1942,8,1942.58333333,aug,17.6
1942,9,1942.66666667,sep,15.1
1942,10,1942.75,oct,11.1
1942,11,1942.83333333,nov,3.3
1942,12,1942.91666667,dec,2.1
1943,1,1943.0,jan,-0.4
1943,2,1943.08333333,feb,2.9
1943,3,1943.16666667,mar,5.6
1943,4,1943.25,apr,9.3
1943,5,1943.33333333,may,12.8
1943,6,1943.41666667,jun,14.4
1943,7,1943.5,jul,17.7
1943,8,1943.58333333,aug,17.9
1943,9,1943.66666667,sep,13.8
1943,10,1943.75,oct,9.9
1943,11,1943.83333333,nov,2.7
1943,12,1943.91666667,dec,0.2
1944,1,1944.0,jan,3.1
1944,2,1944.08333333,feb,-1.1
1944,3,1944.16666667,mar,0.9
1944,4,1944.25,apr,8.6
1944,5,1944.33333333,may,11.6
1944,6,1944.41666667,jun,14.2
1944,7,1944.5,jul,17.4
1944,8,1944.58333333,aug,19.6
1944,9,1944.66666667,sep,12.8
1944,10,1944.75,oct,8.6
1944,11,1944.83333333,nov,4.1
1944,12,1944.91666667,dec,-0.4
1945,1,1945.0,jan,-4
1945,2,1945.08333333,feb,4
1945,3,1945.16666667,mar,6
1945,4,1945.25,apr,8.8
1945,5,1945.33333333,may,14
1945,6,1945.41666667,jun,16.6
1945,7,1945.5,jul,17.9
1945,8,1945.58333333,aug,16.2
1945,9,1945.66666667,sep,13.8
1945,10,1945.75,oct,9.7
1945,11,1945.83333333,nov,3.6
1945,12,1945.91666667,dec,1.3
1946,1,1946.0,jan,-1.8
1946,2,1946.08333333,feb,2.4
1946,3,1946.16666667,mar,3.7
1946,4,1946.25,apr,10.2
1946,5,1946.33333333,may,13.9
1946,6,1946.41666667,jun,14.7
1946,7,1946.5,jul,18.4
1946,8,1946.58333333,aug,16.2
1946,9,1946.66666667,sep,14.1
1946,10,1946.75,oct,7
1946,11,1946.83333333,nov,4
1946,12,1946.91666667,dec,-2.3
1947,1,1947.0,jan,-4.7
1947,2,1947.08333333,feb,-6.6
1947,3,1947.16666667,mar,2.6
1947,4,1947.25,apr,9.4
1947,5,1947.33333333,may,14.7
1947,6,1947.41666667,jun,17.9
1947,7,1947.5,jul,18.9
1947,8,1947.58333333,aug,18.9
1947,9,1947.66666667,sep,16.8
1947,10,1947.75,oct,7.7
1947,11,1947.83333333,nov,5.2
1947,12,1947.91666667,dec,1.4
1948,1,1948.0,jan,3.1
1948,2,1948.08333333,feb,0.5
1948,3,1948.16666667,mar,5.7
1948,4,1948.25,apr,10
1948,5,1948.33333333,may,13.6
1948,6,1948.41666667,jun,15.6
1948,7,1948.5,jul,16.2
1948,8,1948.58333333,aug,16.4
1948,9,1948.66666667,sep,13.8
1948,10,1948.75,oct,8.7
1948,11,1948.83333333,nov,4.2
1948,12,1948.91666667,dec,0.9
1949,1,1949.0,jan,1.2
1949,2,1949.08333333,feb,1.7
1949,3,1949.16666667,mar,2
1949,4,1949.25,apr,10.3
1949,5,1949.33333333,may,12.2
1949,6,1949.41666667,jun,14.1
1949,7,1949.5,jul,17.6
1949,8,1949.58333333,aug,17
1949,9,1949.66666667,sep,16.3
1949,10,1949.75,oct,10.6
1949,11,1949.83333333,nov,3.7
1949,12,1949.91666667,dec,3
1950,1,1950.0,jan,-1
1950,2,1950.08333333,feb,2.9
1950,3,1950.16666667,mar,4.8
1950,4,1950.25,apr,6.7
1950,5,1950.33333333,may,13.8
1950,6,1950.41666667,jun,17.6
1950,7,1950.5,jul,18
1950,8,1950.58333333,aug,17.5
1950,9,1950.66666667,sep,12.9
1950,10,1950.75,oct,7.8
1950,11,1950.83333333,nov,4.3
1950,12,1950.91666667,dec,-2
1951,1,1951.0,jan,1.5
1951,2,1951.08333333,feb,1.8
1951,3,1951.16666667,mar,2.2
1951,4,1951.25,apr,7.3
1951,5,1951.33333333,may,11.5
1951,6,1951.41666667,jun,15.3
1951,7,1951.5,jul,17.1
1951,8,1951.58333333,aug,17.2
1951,9,1951.66666667,sep,14.5
1951,10,1951.75,oct,7.3
1951,11,1951.83333333,nov,6.5
1951,12,1951.91666667,dec,2.5
1952,1,1952.0,jan,0.2
1952,2,1952.08333333,feb,-0.1
1952,3,1952.16666667,mar,2.6
1952,4,1952.25,apr,10.3
1952,5,1952.33333333,may,12.3
1952,6,1952.41666667,jun,15.2
1952,7,1952.5,jul,18.3
1952,8,1952.58333333,aug,17.8
1952,9,1952.66666667,sep,10.5
1952,10,1952.75,oct,7.2
1952,11,1952.83333333,nov,1.6
1952,12,1952.91666667,dec,-0.5
1953,1,1953.0,jan,-0.8
1953,2,1953.08333333,feb,-0.1
1953,3,1953.16666667,mar,4.8
1953,4,1953.25,apr,9
1953,5,1953.33333333,may,13.2
1953,6,1953.41666667,jun,16.1
1953,7,1953.5,jul,17.4
1953,8,1953.58333333,aug,16.4
1953,9,1953.66666667,sep,13.5
1953,10,1953.75,oct,10.4
1953,11,1953.83333333,nov,4.8
1953,12,1953.91666667,dec,2.5
1954,1,1954.0,jan,-3.2
1954,2,1954.08333333,feb,-3.5
1954,3,1954.16666667,mar,4.3
1954,4,1954.25,apr,5.8
1954,5,1954.33333333,may,12.2
1954,6,1954.41666667,jun,16
1954,7,1954.5,jul,14.4
1954,8,1954.58333333,aug,15.7
1954,9,1954.66666667,sep,13.5
1954,10,1954.75,oct,9.9
1954,11,1954.83333333,nov,4
1954,12,1954.91666667,dec,3.2
1955,1,1955.0,jan,-1.7
1955,2,1955.08333333,feb,-1.9
1955,3,1955.16666667,mar,0.4
1955,4,1955.25,apr,6.9
1955,5,1955.33333333,may,10.3
1955,6,1955.41666667,jun,14.5
1955,7,1955.5,jul,17.3
1955,8,1955.58333333,aug,16.8
1955,9,1955.66666667,sep,13.4
1955,10,1955.75,oct,8
1955,11,1955.83333333,nov,3.8
1955,12,1955.91666667,dec,2.6
1956,1,1956.0,jan,0.2
1956,2,1956.08333333,feb,-9.62
1956,3,1956.16666667,mar,2.9
1956,4,1956.25,apr,5.3
1956,5,1956.33333333,may,12.5
1956,6,1956.41666667,jun,13.2
1956,7,1956.5,jul,16.9
1956,8,1956.58333333,aug,14.1
1956,9,1956.66666667,sep,13.8
1956,10,1956.75,oct,8.2
1956,11,1956.83333333,nov,2.5
1956,12,1956.91666667,dec,2
1957,1,1957.0,jan,0.3
1957,2,1957.08333333,feb,3.8
1957,3,1957.16666667,mar,6.4
1957,4,1957.25,apr,7.5
1957,5,1957.33333333,may,9.7
1957,6,1957.41666667,jun,16.7
1957,7,1957.5,jul,17.7
1957,8,1957.58333333,aug,15.1
1957,9,1957.66666667,sep,11.8
1957,10,1957.75,oct,9.1
1957,11,1957.83333333,nov,4.5
1957,12,1957.91666667,dec,0.5
1958,1,1958.0,jan,-0.4
1958,2,1958.08333333,feb,1.9
1958,3,1958.16666667,mar,-0.3
1958,4,1958.25,apr,5.2
1958,5,1958.33333333,may,13.3
1958,6,1958.41666667,jun,14.5
1958,7,1958.5,jul,16.9
1958,8,1958.58333333,aug,16.9
1958,9,1958.66666667,sep,14.5
1958,10,1958.75,oct,9.3
1958,11,1958.83333333,nov,4.3
1958,12,1958.91666667,dec,2.4
1959,1,1959.0,jan,-0.1
1959,2,1959.08333333,feb,-0.1
1959,3,1959.16666667,mar,6.2
1959,4,1959.25,apr,9.4
1959,5,1959.33333333,may,12.7
1959,6,1959.41666667,jun,16.1
1959,7,1959.5,jul,19.3
1959,8,1959.58333333,aug,17.3
1959,9,1959.66666667,sep,13.5
1959,10,1959.75,oct,8.4
1959,11,1959.83333333,nov,3.3
1959,12,1959.91666667,dec,2.2
1960,1,1960.0,jan,-0.1
1960,2,1960.08333333,feb,-0.1
1960,3,1960.16666667,mar,6.2
1960,4,1960.25,apr,7.4
1960,5,1960.33333333,may,12.8
1960,6,1960.41666667,jun,16.2
1960,7,1960.5,jul,15.4
1960,8,1960.58333333,aug,15.8
1960,9,1960.66666667,sep,12.5
1960,10,1960.75,oct,9.1
1960,11,1960.83333333,nov,6
1960,12,1960.91666667,dec,1.2
1961,1,1961.0,jan,-0.8
1961,2,1961.08333333,feb,4.4
1961,3,1961.16666667,mar,6
1961,4,1961.25,apr,10.6
1961,5,1961.33333333,may,10.3
1961,6,1961.41666667,jun,16
1961,7,1961.5,jul,15.1
1961,8,1961.58333333,aug,15.7
1961,9,1961.66666667,sep,16.3
1961,10,1961.75,oct,10.5
1961,11,1961.83333333,nov,3.7
1961,12,1961.91666667,dec,-0.6
1962,1,1962.0,jan,1.7
1962,2,1962.08333333,feb,0.3
1962,3,1962.16666667,mar,0.2
1962,4,1962.25,apr,8.2
1962,5,1962.33333333,may,9.7
1962,6,1962.41666667,jun,14.2
1962,7,1962.5,jul,15
1962,8,1962.58333333,aug,15.8
1962,9,1962.66666667,sep,12.3
1962,10,1962.75,oct,8.9
1962,11,1962.83333333,nov,2.7
1962,12,1962.91666667,dec,-3.3
1963,1,1963.0,jan,-7.4
1963,2,1963.08333333,feb,-5.7
1963,3,1963.16666667,mar,2.4
1963,4,1963.25,apr,8.4
1963,5,1963.33333333,may,12
1963,6,1963.41666667,jun,15.8
1963,7,1963.5,jul,17.7
1963,8,1963.58333333,aug,15.9
1963,9,1963.66666667,sep,13.7
1963,10,1963.75,oct,8.1
1963,11,1963.83333333,nov,7.4
1963,12,1963.91666667,dec,-3.1
1964,1,1964.0,jan,-2.6
1964,2,1964.08333333,feb,0.6
1964,3,1964.16666667,mar,0.6
1964,4,1964.25,apr,8.6
1964,5,1964.33333333,may,13.6
1964,6,1964.41666667,jun,16.9
1964,7,1964.5,jul,18.1
1964,8,1964.58333333,aug,15.9
1964,9,1964.66666667,sep,13.6
1964,10,1964.75,oct,7.1
1964,11,1964.83333333,nov,4.9
1964,12,1964.91666667,dec,0.4
1965,1,1965.0,jan,1.2
1965,2,1965.08333333,feb,-1.8
1965,3,1965.16666667,mar,2.3
1965,4,1965.25,apr,6.7
1965,5,1965.33333333,may,11.2
1965,6,1965.41666667,jun,15.5
1965,7,1965.5,jul,15
1965,8,1965.58333333,aug,14.9
1965,9,1965.66666667,sep,12.7
1965,10,1965.75,oct,8.1
1965,11,1965.83333333,nov,1.3
1965,12,1965.91666667,dec,2.6
1966,1,1966.0,jan,-2.7
1966,2,1966.08333333,feb,3.5
1966,3,1966.16666667,mar,3.3
1966,4,1966.25,apr,8.6
1966,5,1966.33333333,may,13
1966,6,1966.41666667,jun,16.9
1966,7,1966.5,jul,15.6
1966,8,1966.58333333,aug,15.5
1966,9,1966.66666667,sep,13.2
1966,10,1966.75,oct,11.1
1966,11,1966.83333333,nov,2.2
1966,12,1966.91666667,dec,2
1967,1,1967.0,jan,0.7
1967,2,1967.08333333,feb,2.8
1967,3,1967.16666667,mar,5.4
1967,4,1967.25,apr,6.5
1967,5,1967.33333333,may,12.5
1967,6,1967.41666667,jun,14.7
1967,7,1967.5,jul,18.6
1967,8,1967.58333333,aug,16.4
1967,9,1967.66666667,sep,13.8
1967,10,1967.75,oct,11.1
1967,11,1967.83333333,nov,3.8
1967,12,1967.91666667,dec,0.4
1968,1,1968.0,jan,-1.1
1968,2,1968.08333333,feb,0.7
1968,3,1968.16666667,mar,4.4
1968,4,1968.25,apr,9
1968,5,1968.33333333,may,10.9
1968,6,1968.41666667,jun,16
1968,7,1968.5,jul,16.2
1968,8,1968.58333333,aug,16.4
1968,9,1968.66666667,sep,13.4
1968,10,1968.75,oct,10.2
1968,11,1968.83333333,nov,3.7
1968,12,1968.91666667,dec,-2
1969,1,1969.0,jan,0.4
1969,2,1969.08333333,feb,-2.1
1969,3,1969.16666667,mar,0.9
1969,4,1969.25,apr,7
1969,5,1969.33333333,may,12.9
1969,6,1969.41666667,jun,14.8
1969,7,1969.5,jul,18.4
1969,8,1969.58333333,aug,16.5
1969,9,1969.66666667,sep,13.8
1969,10,1969.75,oct,10
1969,11,1969.83333333,nov,5.1
1969,12,1969.91666667,dec,-4.7
1970,1,1970.0,jan,-2.6
1970,2,1970.08333333,feb,-1.1
1970,3,1970.16666667,mar,1.2
1970,4,1970.25,apr,5.3
1970,5,1970.33333333,may,11.4
1970,6,1970.41666667,jun,17.2
1970,7,1970.5,jul,16.1
1970,8,1970.58333333,aug,16.8
1970,9,1970.66666667,sep,13.2
1970,10,1970.75,oct,8.9
1970,11,1970.83333333,nov,5.8
1970,12,1970.91666667,dec,0.5
1971,1,1971.0,jan,-1.1
1971,2,1971.08333333,feb,1.4
1971,3,1971.16666667,mar,1
1971,4,1971.25,apr,8.2
1971,5,1971.33333333,may,14
1971,6,1971.41666667,jun,13.9
1971,7,1971.5,jul,18
1971,8,1971.58333333,aug,17.8
1971,9,1971.66666667,sep,12
1971,10,1971.75,oct,8.8
1971,11,1971.83333333,nov,3.5
1971,12,1971.91666667,dec,3.6
1972,1,1972.0,jan,-2.3
1972,2,1972.08333333,feb,1.9
1972,3,1972.16666667,mar,5.3
1972,4,1972.25,apr,7.2
1972,5,1972.33333333,may,11.3
1972,6,1972.41666667,jun,14.4
1972,7,1972.5,jul,17.7
1972,8,1972.58333333,aug,15.7
1972,9,1972.66666667,sep,10.7
1972,10,1972.75,oct,6.8
1972,11,1972.83333333,nov,4.3
1972,12,1972.91666667,dec,0.8
1973,1,1973.0,jan,0
1973,2,1973.08333333,feb,1
1973,3,1973.16666667,mar,3.9
1973,4,1973.25,apr,5.1
1973,5,1973.33333333,may,12.5
1973,6,1973.41666667,jun,16.1
1973,7,1973.5,jul,17.2
1973,8,1973.58333333,aug,17.7
1973,9,1973.66666667,sep,14.1
1973,10,1973.75,oct,7.3
1973,11,1973.83333333,nov,3.3
1973,12,1973.91666667,dec,0.2
1974,1,1974.0,jan,3.3
1974,2,1974.08333333,feb,3.2
1974,3,1974.16666667,mar,5.6
1974,4,1974.25,apr,7.9
1974,5,1974.33333333,may,11
1974,6,1974.41666667,jun,14.1
1974,7,1974.5,jul,15.3
1974,8,1974.58333333,aug,17.1
1974,9,1974.66666667,sep,13.2
1974,10,1974.75,oct,5.5
1974,11,1974.83333333,nov,4.9
1974,12,1974.91666667,dec,4.8
1975,1,1975.0,jan,4.5
1975,2,1975.08333333,feb,1.4
1975,3,1975.16666667,mar,3.6
1975,4,1975.25,apr,6.8
1975,5,1975.33333333,may,11.8
1975,6,1975.41666667,jun,14.7
1975,7,1975.5,jul,18.2
1975,8,1975.58333333,aug,18.8
1975,9,1975.66666667,sep,15.5
1975,10,1975.75,oct,7.5
1975,11,1975.83333333,nov,3.1
1975,12,1975.91666667,dec,1.2
1976,1,1976.0,jan,1.2
1976,2,1976.08333333,feb,0.5
1976,3,1976.16666667,mar,1.3
1976,4,1976.25,apr,6.9
1976,5,1976.33333333,may,12.8
1976,6,1976.41666667,jun,17.4
1976,7,1976.5,jul,19.3
1976,8,1976.58333333,aug,16.2
1976,9,1976.66666667,sep,12.7
1976,10,1976.75,oct,9.5
1976,11,1976.83333333,nov,4.8
1976,12,1976.91666667,dec,-1
1977,1,1977.0,jan,0.4
1977,2,1977.08333333,feb,3
1977,3,1977.16666667,mar,6.1
1977,4,1977.25,apr,5.6
1977,5,1977.33333333,may,11.7
1977,6,1977.41666667,jun,15.5
1977,7,1977.5,jul,16.5
1977,8,1977.58333333,aug,15.9
1977,9,1977.66666667,sep,11.9
1977,10,1977.75,oct,10.1
1977,11,1977.83333333,nov,5.1
1977,12,1977.91666667,dec,2.1
1978,1,1978.0,jan,0.7
1978,2,1978.08333333,feb,-1.4
1978,3,1978.16666667,mar,4.8
1978,4,1978.25,apr,6.5
1978,5,1978.33333333,may,11.6
1978,6,1978.41666667,jun,14.8
1978,7,1978.5,jul,15.5
1978,8,1978.58333333,aug,15.1
1978,9,1978.66666667,sep,12.2
1978,10,1978.75,oct,9.1
1978,11,1978.83333333,nov,4.2
1978,12,1978.91666667,dec,0.3
1979,1,1979.0,jan,-4.5
1979,2,1979.08333333,feb,-1.8
1979,3,1979.16666667,mar,3.7
1979,4,1979.25,apr,6.3
1979,5,1979.33333333,may,12.4
1979,6,1979.41666667,jun,16.5
1979,7,1979.5,jul,15.3
1979,8,1979.58333333,aug,15.5
1979,9,1979.66666667,sep,13.1
1979,10,1979.75,oct,8.6
1979,11,1979.83333333,nov,3.7
1979,12,1979.91666667,dec,3.8
1980,1,1980.0,jan,-2.7
1980,2,1980.08333333,feb,2.1
1980,3,1980.16666667,mar,3.3
1980,4,1980.25,apr,6
1980,5,1980.33333333,may,10.7
1980,6,1980.41666667,jun,14.7
1980,7,1980.5,jul,15.1
1980,8,1980.58333333,aug,16.6
1980,9,1980.66666667,sep,13.9
1980,10,1980.75,oct,8
1980,11,1980.83333333,nov,3
1980,12,1980.91666667,dec,0.7
1981,1,1981.0,jan,-1.5
1981,2,1981.08333333,feb,-0.4
1981,3,1981.16666667,mar,6.8
1981,4,1981.25,apr,7.8
1981,5,1981.33333333,may,13.2
1981,6,1981.41666667,jun,15.3
1981,7,1981.5,jul,16.3
1981,8,1981.58333333,aug,16.4
1981,9,1981.66666667,sep,14
1981,10,1981.75,oct,8.1
1981,11,1981.83333333,nov,4.6
1981,12,1981.91666667,dec,-2.2
1982,1,1982.0,jan,-2.3
1982,2,1982.08333333,feb,-0.1
1982,3,1982.16666667,mar,4.2
1982,4,1982.25,apr,6.5
1982,5,1982.33333333,may,12.4
1982,6,1982.41666667,jun,16.3
1982,7,1982.5,jul,18.9
1982,8,1982.58333333,aug,17.3
1982,9,1982.66666667,sep,15.7
1982,10,1982.75,oct,9.6
1982,11,1982.83333333,nov,6
1982,12,1982.91666667,dec,2.2
1983,1,1983.0,jan,4
1983,2,1983.08333333,feb,-1.7
1983,3,1983.16666667,mar,4.5
1983,4,1983.25,apr,8.6
1983,5,1983.33333333,may,11.3
1983,6,1983.41666667,jun,16.3
1983,7,1983.5,jul,20.4
1983,8,1983.58333333,aug,18.1
1983,9,1983.66666667,sep,13.7
1983,10,1983.75,oct,9.2
1983,11,1983.83333333,nov,3.5
1983,12,1983.91666667,dec,0.7
1984,1,1984.0,jan,1.1
1984,2,1984.08333333,feb,-0.3
1984,3,1984.16666667,mar,2
1984,4,1984.25,apr,6.8
1984,5,1984.33333333,may,10.8
1984,6,1984.41666667,jun,13.7
1984,7,1984.5,jul,15.9
1984,8,1984.58333333,aug,17
1984,9,1984.66666667,sep,12.3
1984,10,1984.75,oct,10.2
1984,11,1984.83333333,nov,4.9
1984,12,1984.91666667,dec,1.2
1985,1,1985.0,jan,-5.5
1985,2,1985.08333333,feb,-3.1
1985,3,1985.16666667,mar,2.8
1985,4,1985.25,apr,7.6
1985,5,1985.33333333,may,13.3
1985,6,1985.41666667,jun,13.5
1985,7,1985.5,jul,17.4
1985,8,1985.58333333,aug,16.2
1985,9,1985.66666667,sep,13.5
1985,10,1985.75,oct,8.8
1985,11,1985.83333333,nov,0.8
1985,12,1985.91666667,dec,3.7
1986,1,1986.0,jan,0.1
1986,2,1986.08333333,feb,-6.4
1986,3,1986.16666667,mar,3
1986,4,1986.25,apr,6.3
1986,5,1986.33333333,may,14.1
1986,6,1986.41666667,jun,15.9
1986,7,1986.5,jul,17
1986,8,1986.58333333,aug,16.3
1986,9,1986.66666667,sep,11.3
1986,10,1986.75,oct,9.6
1986,11,1986.83333333,nov,5.8
1986,12,1986.91666667,dec,2
1987,1,1987.0,jan,-5.9
1987,2,1987.08333333,feb,-0.3
1987,3,1987.16666667,mar,-0.4
1987,4,1987.25,apr,9.1
1987,5,1987.33333333,may,9.7
1987,6,1987.41666667,jun,13.9
1987,7,1987.5,jul,16.9
1987,8,1987.58333333,aug,15.5
1987,9,1987.66666667,sep,14.5
1987,10,1987.75,oct,9.4
1987,11,1987.83333333,nov,4.9
1987,12,1987.91666667,dec,2.1
1988,1,1988.0,jan,3.5
1988,2,1988.08333333,feb,2.1
1988,3,1988.16666667,mar,2.7
1988,4,1988.25,apr,8
1988,5,1988.33333333,may,14.2
1988,6,1988.41666667,jun,15
1988,7,1988.5,jul,17
1988,8,1988.58333333,aug,17
1988,9,1988.66666667,sep,13.2
1988,10,1988.75,oct,9.7
1988,11,1988.83333333,nov,3
1988,12,1988.91666667,dec,3.4
1989,1,1989.0,jan,2.5
1989,2,1989.08333333,feb,3.4
1989,3,1989.16666667,mar,6.98
1989,4,1989.25,apr,7.2
1989,5,1989.33333333,may,13.8
1989,6,1989.41666667,jun,15.3
1989,7,1989.5,jul,17.7
1989,8,1989.58333333,aug,17
1989,9,1989.66666667,sep,14.4
1989,10,1989.75,oct,10.4
1989,11,1989.83333333,nov,2.7
1989,12,1989.91666667,dec,2.4
1990,1,1990.0,jan,2.5
1990,2,1990.08333333,feb,5.74
1990,3,1990.16666667,mar,6.9
1990,4,1990.25,apr,7.4
1990,5,1990.33333333,may,13.9
1990,6,1990.41666667,jun,15.2
1990,7,1990.5,jul,16.7
1990,8,1990.58333333,aug,18.3
1990,9,1990.66666667,sep,11.8
1990,10,1990.75,oct,10.2
1990,11,1990.83333333,nov,4.5
1990,12,1990.91666667,dec,0.8
1991,1,1991.0,jan,1.5
1991,2,1991.08333333,feb,-2.4
1991,3,1991.16666667,mar,6.4
1991,4,1991.25,apr,7.1
1991,5,1991.33333333,may,9.5
1991,6,1991.41666667,jun,13.5
1991,7,1991.5,jul,19.2
1991,8,1991.58333333,aug,17.9
1991,9,1991.66666667,sep,14.7
1991,10,1991.75,oct,8.2
1991,11,1991.83333333,nov,3.9
1991,12,1991.91666667,dec,0.7
1992,1,1992.0,jan,1
1992,2,1992.08333333,feb,2.8
1992,3,1992.16666667,mar,4.8
1992,4,1992.25,apr,7.8
1992,5,1992.33333333,may,14.5
1992,6,1992.41666667,jun,17.3
1992,7,1992.5,jul,18.6
1992,8,1992.58333333,aug,19.1
1992,9,1992.66666667,sep,13.4
1992,10,1992.75,oct,6.5
1992,11,1992.83333333,nov,5.4
1992,12,1992.91666667,dec,1.3
1993,1,1993.0,jan,2.5
1993,2,1993.08333333,feb,-0.7
1993,3,1993.16666667,mar,3.6
1993,4,1993.25,apr,10.4
1993,5,1993.33333333,may,14.6
1993,6,1993.41666667,jun,15.6
1993,7,1993.5,jul,16.1
1993,8,1993.58333333,aug,15.8
1993,9,1993.66666667,sep,12.2
1993,10,1993.75,oct,7.8
1993,11,1993.83333333,nov,0.4
1993,12,1993.91666667,dec,3.2
1994,1,1994.0,jan,3
1994,2,1994.08333333,feb,-0.2
1994,3,1994.16666667,mar,6.3
1994,4,1994.25,apr,7.9
1994,5,1994.33333333,may,12.6
1994,6,1994.41666667,jun,15.9
1994,7,1994.5,jul,21.3
1994,8,1994.58333333,aug,17.8
1994,9,1994.66666667,sep,13.2
1994,10,1994.75,oct,7.6
1994,11,1994.83333333,nov,7.2
1994,12,1994.91666667,dec,3.6
1995,1,1995.0,jan,0.2
1995,2,1995.08333333,feb,4.6
1995,3,1995.16666667,mar,3.1
1995,4,1995.25,apr,8.5
1995,5,1995.33333333,may,12.2
1995,6,1995.41666667,jun,14.3
1995,7,1995.5,jul,20.1
1995,8,1995.58333333,aug,18.3
1995,9,1995.66666667,sep,12.6
1995,10,1995.75,oct,11.8
1995,11,1995.83333333,nov,3
1995,12,1995.91666667,dec,-1.8
1996,1,1996.0,jan,-2.8
1996,2,1996.08333333,feb,-2.2
1996,3,1996.16666667,mar,1
1996,4,1996.25,apr,8.4
1996,5,1996.33333333,may,11.2
1996,6,1996.41666667,jun,15.6
1996,7,1996.5,jul,15.9
1996,8,1996.58333333,aug,17.1
1996,9,1996.66666667,sep,10.9
1996,10,1996.75,oct,9.2
1996,11,1996.83333333,nov,4.5
1996,12,1996.91666667,dec,-2.4
1997,1,1997.0,jan,-2.6
1997,2,1997.08333333,feb,4.1
1997,3,1997.16666667,mar,5.8
1997,4,1997.25,apr,6.4
1997,5,1997.33333333,may,12.7
1997,6,1997.41666667,jun,15.8
1997,7,1997.5,jul,17.1
1997,8,1997.58333333,aug,19.8
1997,9,1997.66666667,sep,13.7
1997,10,1997.75,oct,7.7
1997,11,1997.83333333,nov,4
1997,12,1997.91666667,dec,2.2
1998,1,1998.0,jan,2.4
1998,2,1998.08333333,feb,4.3
1998,3,1998.16666667,mar,5
1998,4,1998.25,apr,8.8
1998,5,1998.33333333,may,14
1998,6,1998.41666667,jun,16.5
1998,7,1998.5,jul,16.4
1998,8,1998.58333333,aug,16.7
1998,9,1998.66666667,sep,13.3
1998,10,1998.75,oct,8.7
1998,11,1998.83333333,nov,1.6
1998,12,1998.91666667,dec,1
1999,1,1999.0,jan,2.6
1999,2,1999.08333333,feb,0.4
1999,3,1999.16666667,mar,5.4
1999,4,1999.25,apr,8.9
1999,5,1999.33333333,may,13.8
1999,6,1999.41666667,jun,15.2
1999,7,1999.5,jul,19
1999,8,1999.58333333,aug,17.2
1999,9,1999.66666667,sep,16.8
1999,10,1999.75,oct,9
1999,11,1999.83333333,nov,3.5
1999,12,1999.91666667,dec,2.2
2000,1,2000.0,jan,1.1
2000,2,2000.08333333,feb,3.9
2000,3,2000.16666667,mar,5.2
2000,4,2000.25,apr,10.1
2000,5,2000.33333333,may,14.6
2000,6,2000.41666667,jun,17
2000,7,2000.5,jul,15.3
2000,8,2000.58333333,aug,17.6
2000,9,2000.66666667,sep,13.9
2000,10,2000.75,oct,10.6
2000,11,2000.83333333,nov,6.1
2000,12,2000.91666667,dec,3.1
2001,1,2001.0,jan,0.9
2001,2,2001.08333333,feb,2.3
2001,3,2001.16666667,mar,4.2
2001,4,2001.25,apr,7.1
2001,5,2001.33333333,may,14.4
2001,6,2001.41666667,jun,14.3
2001,7,2001.5,jul,18.6
2001,8,2001.58333333,aug,18.6
2001,9,2001.66666667,sep,11.8
2001,10,2001.75,oct,12.48
2001,11,2001.83333333,nov,3.8
2001,12,2001.91666667,dec,-0.2
2002,1,2002.0,jan,1.2
2002,2,2002.08333333,feb,5
2002,3,2002.16666667,mar,5.4
2002,4,2002.25,apr,8.1
2002,5,2002.33333333,may,13.8
2002,6,2002.41666667,jun,17.4
2002,7,2002.5,jul,17.7
2002,8,2002.58333333,aug,18.8
2002,9,2002.66666667,sep,13.1
2002,10,2002.75,oct,8.3
2002,11,2002.83333333,nov,5.6
2002,12,2002.91666667,dec,0.3
2003,1,2003.0,jan,-0.3
2003,2,2003.08333333,feb,-1.9
2003,3,2003.16666667,mar,5.3
2003,4,2003.25,apr,8.5
2003,5,2003.33333333,may,14.1
2003,6,2003.41666667,jun,19.35
2003,7,2003.5,jul,19.1
2003,8,2003.58333333,aug,20.6
2003,9,2003.66666667,sep,13.8
2003,10,2003.75,oct,5.9
2003,11,2003.83333333,nov,6
2003,12,2003.91666667,dec,1.8
2004,1,2004.0,jan,-0.1
2004,2,2004.08333333,feb,2.4
2004,3,2004.16666667,mar,4.1
2004,4,2004.25,apr,9.3
2004,5,2004.33333333,may,11.6
2004,6,2004.41666667,jun,15.3
2004,7,2004.5,jul,16.8
2004,8,2004.58333333,aug,18.4
2004,9,2004.66666667,sep,14
2004,10,2004.75,oct,10.1
2004,11,2004.83333333,nov,4.2
2004,12,2004.91666667,dec,1.1
2005,1,2005.0,jan,2
2005,2,2005.08333333,feb,-1
2005,3,2005.16666667,mar,3.6
2005,4,2005.25,apr,9.3
2005,5,2005.33333333,may,12.8
2005,6,2005.41666667,jun,16.4
2005,7,2005.5,jul,18
2005,8,2005.58333333,aug,15.8
2005,9,2005.66666667,sep,15
2005,10,2005.75,oct,11
2005,11,2005.83333333,nov,4.2
2005,12,2005.91666667,dec,0.9
2006,1,2006.0,jan,-2.6
2006,2,2006.08333333,feb,-0.4
2006,3,2006.16666667,mar,1.5
2006,4,2006.25,apr,8
2006,5,2006.33333333,may,13.1
2006,6,2006.41666667,jun,16.8
2006,7,2006.5,jul,21.99
2006,8,2006.58333333,aug,15.5
2006,9,2006.66666667,sep,16.9
2006,10,2006.75,oct,12.1
2006,11,2006.83333333,nov,7
2006,12,2006.91666667,dec,4.4
2007,1,2007.0,jan,4.76
2007,2,2007.08333333,feb,3.9
2007,3,2007.16666667,mar,6.2
2007,4,2007.25,apr,11.5
2007,5,2007.33333333,may,14.2
2007,6,2007.41666667,jun,17.4
2007,7,2007.5,jul,17.2
2007,8,2007.58333333,aug,16.9
2007,9,2007.66666667,sep,12.6
2007,10,2007.75,oct,8.3
2007,11,2007.83333333,nov,3.7
2007,12,2007.91666667,dec,1.6
2008,1,2008.0,jan,3.6
2008,2,2008.08333333,feb,3.7
2008,3,2008.16666667,mar,4.2
2008,4,2008.25,apr,7.6
2008,5,2008.33333333,may,14.5
2008,6,2008.41666667,jun,16.9
2008,7,2008.5,jul,18
2008,8,2008.58333333,aug,17.4
2008,9,2008.66666667,sep,12.4
2008,10,2008.75,oct,9.1
2008,11,2008.83333333,nov,5.1
2008,12,2008.91666667,dec,1.1
2009,1,2009.0,jan,-2.2
2009,2,2009.08333333,feb,0.5
2009,3,2009.16666667,mar,4.3
2009,4,2009.25,apr,11.8
2009,5,2009.33333333,may,13.6
2009,6,2009.41666667,jun,14.8
2009,7,2009.5,jul,18
2009,8,2009.58333333,aug,18.7
2009,9,2009.66666667,sep,14.7
2009,10,2009.75,oct,8.2
2009,11,2009.83333333,nov,7.4
2009,12,2009.91666667,dec,0.3
2010,1,2010.0,jan,-3.6
2010,2,2010.08333333,feb,-0.5
2010,3,2010.16666667,mar,4.2
2010,4,2010.25,apr,8.7
2010,5,2010.33333333,may,10.4
2010,6,2010.41666667,jun,16.3
2010,7,2010.5,jul,20.3
2010,8,2010.58333333,aug,16.7
2010,9,2010.66666667,sep,12.4
2010,10,2010.75,oct,8.1
2010,11,2010.83333333,nov,4.8
2010,12,2010.91666667,dec,-3.7
2011,1,2011.0,jan,1
2011,2,2011.08333333,feb,0.9
2011,3,2011.16666667,mar,4.9
2011,4,2011.25,apr,11.6
2011,5,2011.33333333,may,13.9
2011,6,2011.41666667,jun,16.5
2011,7,2011.5,jul,16.1
2011,8,2011.58333333,aug,17.7
2011,9,2011.66666667,sep,15.2
2011,10,2011.75,oct,9.4
2011,11,2011.83333333,nov,4.5
2011,12,2011.91666667,dec,3.9
2012,1,2012.0,jan,1.9
2012,2,2012.08333333,feb,-2.5
2012,3,2012.16666667,mar,6.9
2012,4,2012.25,apr,8.1
2012,5,2012.33333333,may,14.2
2012,6,2012.41666667,jun,15.5
2012,7,2012.5,jul,17.4
2012,8,2012.58333333,aug,18.4
2012,9,2012.66666667,sep,13.6
2012,10,2012.75,oct,8.7
2012,11,2012.83333333,nov,5.2
2012,12,2012.91666667,dec,1.5
2013,1,2013.0,jan,0.2
2013,2,2013.08333333,feb,-0.7
2013,3,2013.16666667,mar,0.1
2013,4,2013.25,apr,8.1
2013,5,2013.33333333,may,11.8
2013,6,2013.41666667,jun,15.7
2013,7,2013.5,jul,19.5
2013,8,2013.58333333,aug,17.9
2013,9,2013.66666667,sep,13.3
2013,10,2013.75,oct,10.6
2013,11,2013.83333333,nov,4.6
2013,12,2013.91666667,dec,3.6
2014,1,2014.0,jan,2.1
2014,2,2014.08333333,feb,4.3
2014,3,2014.16666667,mar,6.9
2014,4,2014.25,apr,10.8
2014,5,2014.33333333,may,12.4
2014,6,2014.41666667,jun,16.1
2014,7,2014.5,jul,19.3
2014,8,2014.58333333,aug,16
2014,9,2014.66666667,sep,14.9
2014,10,2014.75,oct,11.9
2014,11,2014.83333333,nov,6.5
2014,12,2014.91666667,dec,2.7
2015,1,2015.0,jan,2.2
2015,2,2015.08333333,feb,0.7
2015,3,2015.16666667,mar,5.2
2015,4,2015.25,apr,8.4
2015,5,2015.33333333,may,12.3
2015,6,2015.41666667,jun,15.8
2015,7,2015.5,jul,19.4
2015,8,2015.58333333,aug,19.9
2015,9,2015.66666667,sep,13
2015,10,2015.75,oct,8.4
2015,11,2015.83333333,nov,7.5
2015,12,2015.91666667,dec,6.5
2016,1,2016.0,jan,1
2016,2,2016.08333333,feb,3.3
2016,3,2016.16666667,mar,4
2016,4,2016.25,apr,7.9
2016,5,2016.33333333,may,13.7
2016,6,2016.41666667,jun,17
2016,7,2016.5,jul,18.6
2016,8,2016.58333333,aug,17.7
2016,9,2016.66666667,sep,16.9
2016,10,2016.75,oct,8.5
2016,11,2016.83333333,nov,3.8
2016,12,2016.91666667,dec,2.2
2017,1,2017.0,jan,-2.2
2017,2,2017.08333333,feb,2.9
2017,3,2017.16666667,mar,7.2
2017,4,2017.25,apr,7.4
2017,5,2017.33333333,may,14.1
2017,6,2017.41666667,jun,17.8
2017,7,2017.5,jul,18.1
2017,8,2017.58333333,aug,17.9
2017,9,2017.66666667,sep,12.8
2017,10,2017.75,oct,11.1
2017,11,2017.83333333,nov,5.1
2017,12,2017.91666667,dec,2.7
2018,1,2018.0,jan,3.7
2018,2,2018.08333333,feb,-1.9
2018,3,2018.16666667,mar,2.4
2018,4,2018.25,apr,12.3
2018,5,2018.33333333,may,16
2018,6,2018.41666667,jun,17.7
2018,7,2018.5,jul,20.3
2018,8,2018.58333333,aug,19.9
2018,9,2018.66666667,sep,15.1
2018,10,2018.75,oct,10.7
2018,11,2018.83333333,nov,5.2
2018,12,2018.91666667,dec,3.9
